musteri_id,tarih,yas,cinsiyet,sehir,egitim,segment,gelir,harcama,siparis_sayisi,memnuniyet,indirim_orani,uyelik_suresi
MUS_0001,2022-08-12,56,Kadın,Izmir,Yukseklisans,Standart,45178.28230575841,13674.703840045255,6,,32.36272556870378,4
MUS_0002,2022-10-04,69,Kadın,Istanbul,Lise,Standart,32208.990195335402,9154.867295269254,3,4.0,18.673428599152448,62
MUS_0003,2023-06-06,46,Erkek,Adana,Lise,Standart,29817.070688626125,4568.798969630631,6,8.0,37.14390378591754,29
MUS_0004,2022-09-25,32,Kadın,Izmir,Yukseklisans,Standart,33660.26427889076,7710.426987398487,5,6.0,24.502126008478864,3
MUS_0005,2022-06-16,60,Kadın,Bursa,Lisans,Premium,20540.506604681024,9445.490697281015,2,9.0,,12
MUS_0006,2022-03-16,25,Kadın,Istanbul,Ortaokul,Premium,52007.187204676266,23998.674126869202,5,9.0,20.34940443950625,1
MUS_0007,2023-06-17,38,Erkek,Ankara,Ilkokul,Premium,24322.26533341826,2418.3433427754326,1,8.0,21.555324367276867,13
MUS_0008,2022-05-12,56,Erkek,Ankara,Lisans,Standart,21376.018900053416,7543.894810903536,3,8.0,48.39438249672093,36
MUS_0009,2022-02-20,36,Erkek,Bursa,Yukseklisans,Standart,36055.790960445294,14007.025169907769,6,8.0,34.07035300192188,19
MUS_0010,2022-11-08,40,Kadın,Istanbul,Yukseklisans,Standart,34027.989487366875,12106.469586553992,6,8.0,15.760492358055,25
MUS_0011,2022-01-29,28,Kadın,Istanbul,Lisans,Standart,41143.33554785804,5859.146212157757,12,6.0,36.692993510278264,9
MUS_0012,2023-12-06,28,Kadın,Adana,Ortaokul,Standart,27334.29214125904,5073.127736639184,3,,16.5133694161458,4
MUS_0013,2023-04-03,41,Erkek,Ankara,Lise,Standart,29843.690438540998,6043.19109465377,4,9.0,6.28574538923381,1
MUS_0014,2022-04-22,70,Kadın,Ankara,Yukseklisans,Standart,51331.49357022051,22406.61721954782,3,,23.768017872782455,41
MUS_0015,2022-05-06,53,Erkek,Istanbul,Lise,Standart,49791.94984501834,14358.136232680154,4,,37.5511929569207,24
MUS_0016,2023-02-20,57,Erkek,Adana,Lise,Elit,48764.72699879782,14524.588786714801,0,1.0,18.88299554436606,6
MUS_0017,2022-09-18,41,Erkek,Istanbul,Ortaokul,Elit,36937.545508035946,17240.12156626946,7,6.0,43.45870710236714,13
MUS_0018,2023-07-20,20,Kadın,Bursa,Lisans,Premium,39516.0149963949,13851.956369196936,7,4.0,19.34763520438799,38
MUS_0019,2023-02-03,39,Erkek,Bursa,Yukseklisans,Elit,40750.33925275154,18624.386006591525,3,4.0,17.491951275336586,18
MUS_0020,2022-11-13,70,Kadın,Istanbul,Lise,Premium,26159.79921032827,7635.736079115081,4,9.0,49.91219569316333,8
MUS_0021,2023-12-04,19,Kadın,Izmir,Lisans,Standart,75888.71729340307,11878.00713834642,6,9.0,24.123601149503273,7
MUS_0022,2022-10-13,41,Erkek,Istanbul,Lisans,Standart,70671.24257036467,33659.65117592259,4,8.0,40.2610604856753,5
MUS_0023,2022-10-20,61,Kadın,Istanbul,Doktora,Premium,54020.71134835596,15469.868616647462,3,10.0,40.24940280299612,41
MUS_0024,2023-05-02,47,Erkek,Bursa,Ortaokul,Premium,29350.627554994844,5298.3072867838155,4,5.0,46.31846685495897,20
MUS_0025,2023-08-14,55,Erkek,Antalya,Lisans,Premium,47551.66385123293,10321.028006865032,7,4.0,4.244752722515183,29
MUS_0026,2023-04-03,19,Erkek,Izmir,Lise,Premium,59230.09000679816,7141.086257159636,5,7.0,,47
MUS_0027,2023-05-25,38,Erkek,Ankara,Yukseklisans,Standart,19700.544405465105,5720.153636609609,4,9.0,38.387404577321696,103
MUS_0028,2022-09-30,50,Kadın,Istanbul,Lisans,Premium,84732.61579585222,57833.6067173759,11,2.0,28.130074619928248,6
MUS_0029,2022-12-17,29,Erkek,Istanbul,Ortaokul,Elit,15219.09539584154,7264.341027617119,2,10.0,27.980747117726697,4
MUS_0030,2022-05-24,39,Kadın,Istanbul,Lisans,Standart,51652.966618787344,24378.65964291695,4,7.0,8.31076509351204,14
MUS_0031,2023-05-12,61,Kadın,Istanbul,Lisans,Premium,75104.90534478347,11299.687639159814,5,10.0,14.057650705696489,1
MUS_0032,2022-06-11,42,Kadın,Istanbul,Ilkokul,Standart,34319.47540168838,8883.41586036498,4,,26.06670428583672,37
MUS_0033,2022-01-01,66,Kadın,Ankara,Yukseklisans,Premium,33683.648810377934,3515.4014699203994,4,7.0,13.859068233731058,51
MUS_0034,2023-11-13,44,Kadın,Istanbul,Lise,Premium,50707.56534631661,22725.507603231283,1,8.0,10.514139634935754,27
MUS_0035,2022-08-12,59,Erkek,Istanbul,Lisans,Standart,91669.1286818098,22518.023905082224,2,8.0,4.3878027884998065,7
MUS_0036,2022-05-24,45,Erkek,Ankara,Lise,Premium,31554.332524490965,10928.183497904436,9,5.0,7.786300596167278,3
MUS_0037,2022-07-15,33,Kadın,Bursa,Lisans,Standart,24575.920573436335,9562.074158939155,6,9.0,38.44338812459865,11
MUS_0038,2022-08-30,32,Kadın,Istanbul,Lise,Premium,29381.25815105221,8170.176452967802,7,9.0,35.938959029235775,43
MUS_0039,2022-12-13,64,Erkek,Adana,Yukseklisans,Standart,16709.672190904555,3472.1289499810828,6,1.0,2.29168421743558,10
MUS_0040,2022-02-20,68,Erkek,Antalya,Lisans,Premium,56890.23277233323,27593.625537124746,4,4.0,10.164204267205552,1
MUS_0041,2022-02-08,61,Erkek,Istanbul,Lisans,Standart,28084.089181050134,13627.41518819508,10,7.0,28.022767336635813,7
MUS_0042,2022-08-02,69,Kadın,Bursa,Lisans,Premium,32722.900175760285,6931.652860387059,3,7.0,16.13139221183866,110
MUS_0043,2022-08-04,20,Erkek,Izmir,Lisans,Standart,57228.68660410374,16720.66576738379,9,8.0,41.16248013397652,27
MUS_0044,2022-03-27,54,Erkek,Izmir,Ilkokul,Premium,30077.866192404825,14592.159876143447,0,3.0,39.24946538310735,55
MUS_0045,2022-10-23,68,Erkek,Ankara,Lise,Elit,53079.453769697335,5686.171758396811,8,8.0,44.579027897905476,35
MUS_0046,2022-07-27,24,Erkek,Ankara,Yukseklisans,Elit,21610.95731375356,5603.1156711244275,7,7.0,28.146561575255795,18
MUS_0047,2022-01-20,38,Kadın,Ankara,Ortaokul,Premium,58650.9888520502,8380.268523784756,1,5.0,17.603823990454927,3
MUS_0048,2023-10-09,26,Erkek,Ankara,Lisans,Premium,43085.961795417876,12752.54316284295,3,7.0,30.30323480924589,10
MUS_0049,2023-10-09,56,Kadın,Izmir,Doktora,Standart,34742.204142100636,3784.6938921688507,4,5.0,4.456833987272891,21
MUS_0050,2022-06-02,35,Erkek,Izmir,Ortaokul,Standart,38771.733573665995,10190.098618204885,4,4.0,0.4793008870733806,49
MUS_0051,2022-04-29,21,Kadın,Ankara,Lisans,Standart,19084.263094555707,3554.3197825038087,5,7.0,0.8546760060177683,7
MUS_0052,2023-02-04,42,Erkek,Izmir,Lisans,Premium,38330.468150104134,11930.566836134918,8,10.0,20.37714689671081,3
MUS_0053,2023-04-06,31,Erkek,Istanbul,Lisans,Elit,33832.09229955213,16728.325851343234,8,5.0,11.403879705153164,19
MUS_0054,2023-12-01,67,Kadın,Istanbul,Ortaokul,Standart,19346.826789071907,8280.724180624351,4,6.0,7.866885290002385,4
MUS_0055,2022-10-03,26,Kadın,Bursa,Ilkokul,Elit,25963.897296832554,11578.747067428389,1,,30.766300780908523,22
MUS_0056,2023-03-28,43,Kadın,Istanbul,Lisans,Premium,34042.92036023671,12038.370007777132,7,5.0,49.75475213065906,7
MUS_0057,2023-10-04,70,Kadın,Istanbul,Yukseklisans,Premium,26805.273178235362,2906.8090506927697,3,6.0,8.887660180776818,6
MUS_0058,2022-11-25,19,Kadın,Istanbul,Lisans,Standart,10871.968380397497,2345.3058223537632,2,8.0,27.32107121069694,12
MUS_0059,2022-03-31,37,Erkek,Istanbul,Lisans,Standart,62205.19336179617,29062.08769197134,7,2.0,5.9863756999946895,21
MUS_0060,2022-10-03,45,Kadın,Adana,Ortaokul,Standart,33824.98678850479,8044.122777969174,2,10.0,46.71182205360695,18
MUS_0061,2022-04-10,64,Erkek,Izmir,Lisans,Premium,11649.574041706142,1245.3625082978906,8,2.0,14.587758428529252,6
MUS_0062,2022-01-13,24,Kadın,Adana,Lise,Standart,105607.161991077,40252.221481063716,6,9.0,,53
MUS_0063,2023-07-03,61,Kadın,Izmir,Yukseklisans,Standart,67554.91932333625,14803.945607681966,4,9.0,14.153821962518842,2
MUS_0064,2022-06-24,25,Kadın,Ankara,Yukseklisans,Premium,30500.823873172154,6536.416656176454,6,7.0,40.30262400933597,1
MUS_0065,2022-01-02,64,Kadın,Istanbul,Lisans,Premium,23831.207835663485,12018.540959741667,5,4.0,10.469066672288635,22
MUS_0066,2023-09-29,52,Erkek,Izmir,Yukseklisans,Elit,44426.68606547276,19750.416300552857,3,7.0,14.63947150767222,3
MUS_0067,2022-11-20,31,Kadın,Istanbul,Ilkokul,Standart,40181.55777155547,10520.513144442879,9,7.0,9.6237682701817,16
MUS_0068,2022-06-24,34,Erkek,Antalya,Lisans,Standart,47621.75446547053,23656.874321251744,5,9.0,13.212993892482782,72
MUS_0069,2022-07-11,53,Kadın,Bursa,Lise,Premium,23865.5162993834,8966.144702271215,5,7.0,41.743287766665766,28
MUS_0070,2022-06-25,67,Kadın,Istanbul,Yukseklisans,Standart,62873.87474146177,25150.71399190831,6,6.0,31.951624877334872,23
MUS_0071,2022-05-23,57,Erkek,Adana,Lise,Standart,28660.322055091034,3134.595464808119,5,9.0,20.2939834418612,20
MUS_0072,2023-09-07,21,Kadın,Bursa,Lisans,Standart,51040.91649824551,7743.142315853655,4,10.0,48.57605135410781,4
MUS_0073,2022-05-05,19,Kadın,Izmir,Yukseklisans,Standart,24380.291750774835,8531.531264805833,3,8.0,23.24307635647869,13
MUS_0074,2023-02-15,23,Kadın,Istanbul,Ilkokul,Standart,136498.92155455943,62515.20032561975,2,9.0,48.48799856294257,10
MUS_0075,2022-02-26,59,Kadın,Ankara,Lise,Standart,51418.93014926845,17790.979235599465,6,7.0,9.829346145543012,73
MUS_0076,2023-11-25,21,Erkek,Ankara,Lisans,Standart,153601.3883338696,23523.06708803833,3,8.0,45.23192135574747,6
MUS_0077,2023-03-17,46,Erkek,Istanbul,Lisans,Standart,54929.23438145749,8057.159658847548,4,8.0,0.6911102048747342,15
MUS_0078,2023-10-22,35,Kadın,Istanbul,Lise,Premium,27426.577981774866,12416.026149866038,6,8.0,27.265160118287874,66
MUS_0079,2022-10-18,43,Erkek,Bursa,Lise,Standart,54978.11064890722,8384.904926222454,4,,21.15261971460074,37
MUS_0080,2023-08-15,61,Kadın,Istanbul,Ortaokul,Premium,56970.50228517908,17816.898364343284,7,,26.254392273598963,80
MUS_0081,2023-09-16,51,Erkek,Izmir,Yukseklisans,Standart,43768.167916482525,4963.117689329015,9,7.0,27.67224159738495,22
MUS_0082,2023-05-29,27,Erkek,Adana,Lisans,Standart,49771.42165871798,6179.884771557524,10,6.0,19.451567703385546,9
MUS_0083,2022-03-09,53,Kadın,Antalya,Ortaokul,Premium,53149.478119190644,19507.78642715707,7,6.0,49.90989234430476,42
MUS_0084,2022-01-12,31,Kadın,Istanbul,Lise,Standart,22096.168349359494,8536.263620791658,6,8.0,48.825359515031295,8
MUS_0085,2022-05-04,48,Erkek,Antalya,Lise,Standart,21323.622988452982,5113.842158154818,5,7.0,48.08726883522976,4
MUS_0086,2022-03-28,65,Kadın,Istanbul,Lise,Standart,24413.499114404844,4627.75567630052,4,4.0,48.954252368829394,29
MUS_0087,2023-06-14,32,Erkek,Istanbul,Lise,Elit,38706.82411466772,16734.83934543635,2,9.0,39.65061993846993,24
MUS_0088,2023-02-11,25,Erkek,Izmir,Lise,Standart,32481.124476664263,5861.5479981582075,3,9.0,49.4295239513166,50
MUS_0089,2023-01-19,31,Erkek,Ankara,Lise,Standart,22297.162719376258,6853.63249418236,4,7.0,44.6180112637571,78
MUS_0090,2022-07-04,40,Erkek,Ankara,Lisans,Premium,53511.78051892612,25622.663925529192,10,5.0,20.796631851621054,46
MUS_0091,2022-04-23,57,Erkek,Izmir,Lise,Standart,41836.41493962526,6833.304284309423,2,10.0,39.238855419170385,1
MUS_0092,2022-05-31,38,Kadın,Istanbul,Lisans,Standart,39516.14081634922,18936.030559193634,1,9.0,45.60339225628129,26
MUS_0093,2022-10-20,33,Kadın,Istanbul,Lisans,Standart,31920.55208828364,5672.067403572051,4,5.0,35.630303679354626,36
MUS_0094,2023-06-25,62,Erkek,Ankara,Lisans,Premium,30058.05474538183,9591.698834389757,9,3.0,21.139117028280197,96
MUS_0095,2022-07-05,35,Kadın,Bursa,Lisans,Standart,23845.109409771194,5659.577205786658,6,7.0,3.2895121008212627,11
MUS_0096,2023-05-25,64,Kadın,Izmir,Lisans,Standart,57923.01882325802,27885.009239795258,10,8.0,40.48484685302938,4
MUS_0097,2022-12-25,70,Erkek,Istanbul,Yukseklisans,Standart,,5165.341205232151,6,4.0,47.637143656323516,46
MUS_0098,2023-10-09,41,Kadın,Ankara,Lisans,Premium,40323.72294170678,10789.44349497005,4,7.0,18.123163011496317,9
MUS_0099,2022-06-20,43,Kadın,Istanbul,Lisans,Standart,,41311.85706214765,4,6.0,7.595302549446981,21
MUS_0100,2022-11-26,42,Erkek,Istanbul,Yukseklisans,Elit,30756.94580777649,9584.126752357795,9,9.0,16.325191973527787,11
MUS_0101,2022-03-12,62,Erkek,Bursa,Lisans,Standart,58709.16170358812,17734.363663051357,5,6.0,29.131117908912312,12
MUS_0102,2022-09-02,58,Kadın,Istanbul,Lise,Elit,48259.815108515315,9666.44593349287,4,,15.846450164111808,31
MUS_0103,2023-01-06,46,Kadın,Istanbul,Lise,Elit,42435.212567069524,16221.381916291391,2,10.0,30.530936509817696,10
MUS_0104,2023-06-19,32,Erkek,Izmir,Lise,Standart,45034.053227191835,4534.695085327704,5,6.0,48.34261161223153,28
MUS_0105,2022-05-25,62,Kadın,Izmir,Yukseklisans,Standart,34632.46151751299,4299.194138064306,4,6.0,33.53672466538413,1
MUS_0106,2022-06-09,18,Kadın,Izmir,Lisans,Standart,,12384.42110077051,5,8.0,18.132968314281083,9
MUS_0107,2023-04-07,42,Kadın,Istanbul,Yukseklisans,Standart,27610.268397091222,6695.700520453464,2,5.0,46.787648573576746,9
MUS_0108,2022-10-07,24,Kadın,Istanbul,Lisans,Premium,37076.126858395364,17760.239604963896,6,,28.281763435057194,33
MUS_0109,2022-12-18,26,Kadın,Istanbul,Lisans,Standart,27102.655801142268,12343.796954776812,5,3.0,6.418619926628333,9
MUS_0110,2023-09-03,41,Erkek,Istanbul,Ortaokul,Standart,60043.67821054957,23468.386737640678,4,4.0,24.94905025968808,24
MUS_0111,2022-12-31,18,Erkek,Izmir,Lisans,Standart,15525.688997075837,6668.867675455186,4,9.0,32.681822245502495,27
MUS_0112,2023-04-22,61,Kadın,Antalya,Lisans,Elit,46190.371467852114,16884.32328396734,2,7.0,41.91271829083693,25
MUS_0113,2023-04-25,25,Kadın,Izmir,Doktora,Standart,42971.54153094225,6607.372431625568,4,8.0,46.82383933538237,22
MUS_0114,2023-08-10,41,Erkek,Bursa,Lise,Standart,41068.96402795974,16414.927433524575,6,5.0,15.870806685819261,12
MUS_0115,2023-04-11,28,Kadın,Ankara,Lisans,Standart,60612.07892758491,11378.649489783033,5,4.0,7.77561820395184,11
MUS_0116,2022-02-17,68,Kadın,Izmir,Lisans,Elit,31474.664669212965,7191.67968721222,7,9.0,3.6914321096941203,19
MUS_0117,2022-09-07,34,Erkek,Ankara,Lisans,Premium,41262.81137314016,17768.00138620981,1,6.0,36.91773013541414,1
MUS_0118,2023-12-24,25,Kadın,Ankara,Lisans,Standart,15393.937713115813,4533.515797947088,2,7.0,39.757912635771596,50
MUS_0119,2022-05-24,52,Kadın,Ankara,Lisans,Standart,29505.783056601133,90695.80532830422,5,2.0,20.46865634640834,41
MUS_0120,2023-03-05,52,Kadın,Istanbul,Lise,Standart,55707.396875847066,10318.712959886498,6,,19.79627035868145,10
MUS_0121,2023-09-08,50,Kadın,Ankara,Lisans,Standart,18590.744572597974,6584.755783532727,8,8.0,47.7118515827316,20
MUS_0122,2023-03-05,22,Erkek,Adana,Lisans,Elit,39335.06674219104,5387.958286038188,5,9.0,45.83406625401637,64
MUS_0123,2022-09-29,59,Kadın,Istanbul,Yukseklisans,Premium,25880.406718867547,9166.61728750528,9,8.0,11.663295095852162,7
MUS_0124,2022-02-28,56,Erkek,Istanbul,Yukseklisans,Standart,34355.12596795585,13977.883317313263,1,8.0,39.04038238749036,32
MUS_0125,2022-09-22,58,Erkek,Ankara,Lise,Premium,26666.443484435084,9157.168819422373,3,,31.135019811647002,2
MUS_0126,2022-05-13,45,Kadın,Bursa,Lise,Standart,19465.56328259694,3979.4970876735397,5,7.0,7.7111369559819956,17
MUS_0127,2023-12-03,24,Erkek,Izmir,Doktora,Premium,44046.52133775462,4895.093354758101,4,8.0,17.83855235432802,51
MUS_0128,2023-06-06,26,Erkek,Izmir,Lisans,Premium,35426.01155508046,4857.299244381566,2,5.0,8.873647065374124,19
MUS_0129,2023-07-02,25,Kadın,Istanbul,Yukseklisans,Standart,49331.32529863058,17156.93034079757,4,5.0,,22
MUS_0130,2022-11-15,29,Erkek,Izmir,Lise,Premium,54025.90614862943,25247.824782532283,2,10.0,30.76505878866758,57
MUS_0131,2022-03-22,51,Erkek,Istanbul,Lisans,Standart,67012.15960475347,12214.475601806595,3,2.0,18.763273552171984,30
MUS_0132,2022-07-14,50,Kadın,Antalya,Yukseklisans,Standart,38822.03872458755,15493.916350764348,9,,19.702975991792858,28
MUS_0133,2022-07-09,65,Kadın,Izmir,Yukseklisans,Standart,68480.92458800162,30158.31253241137,5,7.0,26.98236463085949,21
MUS_0134,2022-12-22,40,Erkek,Istanbul,Lise,Standart,22294.889177246903,7121.534859804931,2,8.0,4.361206942086138,24
MUS_0135,2022-12-03,41,Kadın,Istanbul,Lisans,Premium,57209.767004253255,20970.348172746802,6,7.0,36.93986449247074,39
MUS_0136,2022-11-13,54,Erkek,Istanbul,Lisans,Elit,45692.763122633136,19459.964061318416,6,6.0,20.085476670667003,92
MUS_0137,2022-12-29,52,Kadın,Ankara,Ortaokul,Premium,40804.44604952717,8234.642813116223,6,10.0,24.01985441011601,38
MUS_0138,2023-12-22,61,Kadın,Istanbul,Lisans,Premium,45359.10091383193,9580.031054875195,4,8.0,48.714986442731586,29
MUS_0139,2022-08-06,57,Kadın,Izmir,Lisans,Premium,22463.129626869053,2095.3535227748685,8,9.0,17.2183444159127,3
MUS_0140,2023-03-26,39,Kadın,Ankara,Yukseklisans,Standart,19962.815460182643,10106.191722067288,5,2.0,32.41094679869627,40
MUS_0141,2022-06-24,44,Kadın,Istanbul,Lisans,Standart,85384.00721022638,39656.65558014023,8,5.0,19.625215864790533,31
MUS_0142,2022-12-07,52,Kadın,Istanbul,Lise,Standart,33377.553792461134,13227.814247556602,9,6.0,44.71413593418391,35
MUS_0143,2022-05-27,18,Erkek,Istanbul,Ilkokul,Premium,33140.23191837893,4390.5204670588,5,5.0,42.337813349751976,6
MUS_0144,2023-02-12,52,Erkek,Antalya,Lise,Elit,20928.04203649241,5821.792615448031,6,3.0,,56
MUS_0145,2022-07-13,54,Kadın,Istanbul,Lise,Standart,17311.23249997366,2372.0060289709027,6,5.0,34.587285630545026,2
MUS_0146,2022-01-27,64,Erkek,Izmir,Lisans,Premium,34746.723563102714,3698.8327952331933,6,7.0,3.2585997948603507,7
MUS_0147,2023-08-19,31,Kadın,Bursa,Lise,Premium,30613.79609900922,10735.699994720693,6,8.0,48.1592694764945,26
MUS_0148,2022-04-04,20,Erkek,Izmir,Yukseklisans,Standart,36347.008351252385,17486.578053865203,2,8.0,17.449505400707878,26
MUS_0149,2022-09-26,18,Kadın,Antalya,Doktora,Standart,37933.009315195086,17531.58343047344,2,2.0,41.59213862923835,9
MUS_0150,2022-12-15,22,Erkek,Ankara,Lisans,Standart,126087.3929854555,47954.31349707901,6,6.0,15.921568303865497,29
MUS_0151,2022-11-12,43,Erkek,Adana,Yukseklisans,Standart,30659.872982159723,4052.124779031684,8,4.0,31.638537059843603,11
MUS_0152,2023-06-14,31,Kadın,Istanbul,Lisans,Standart,80015.05264121632,16311.968958004909,6,7.0,49.17953959921659,1
MUS_0153,2023-03-12,56,Erkek,Istanbul,Lisans,Standart,82537.83782830035,18954.661569055126,8,7.0,43.837493156581516,4
MUS_0154,2022-08-04,44,Kadın,Izmir,Lise,Standart,52934.58276048475,21952.862747329524,5,7.0,,51
MUS_0155,2022-02-07,26,Erkek,Adana,Lisans,Standart,32287.545083757017,13588.346194830261,6,9.0,27.37442165747356,6
MUS_0156,2023-07-15,32,Erkek,Bursa,Lisans,Premium,18384.5116677606,4710.832811562947,8,8.0,17.426589105734507,2
MUS_0157,2022-09-15,32,Kadın,Istanbul,Yukseklisans,Standart,46118.61477357938,12261.592214759658,2,8.0,21.71694258241459,27
MUS_0158,2023-10-12,43,Erkek,Istanbul,Lisans,Premium,60439.9772421561,7437.660020886474,8,9.0,16.759156460938428,13
MUS_0159,2022-10-16,59,Kadın,Adana,Yukseklisans,Standart,87015.6905166433,18749.790147845255,2,,16.797962409775657,38
MUS_0160,2023-06-08,30,Kadın,Istanbul,Lisans,Standart,22584.543218204108,6297.969324898746,8,9.0,27.12766218883057,47
MUS_0161,2023-11-17,68,Kadın,Bursa,Ortaokul,Elit,32152.22086179544,4901.90074681917,3,7.0,9.59820045615763,44
MUS_0162,2023-04-21,49,Kadın,Bursa,Doktora,Standart,22653.4560619687,6275.720816371104,9,7.0,26.869771261668234,9
MUS_0163,2022-10-29,56,Kadın,Ankara,Lisans,Standart,26456.601857562175,11417.57455730378,7,8.0,13.948271859915046,16
MUS_0164,2023-02-19,66,Kadın,Ankara,Lise,Premium,50624.6437383953,17010.592258237266,7,,14.44914521208998,25
MUS_0165,2023-02-01,69,Erkek,Ankara,Lisans,Standart,25857.28388560336,3283.783614537006,4,8.0,36.937401451781135,9
MUS_0166,2023-03-03,49,Erkek,Istanbul,Ortaokul,Standart,24049.377974216633,4053.6761892328022,8,10.0,1.4796801779967894,1
MUS_0167,2022-04-18,21,Erkek,Antalya,Lisans,Standart,54095.048292762796,16097.714276544855,3,8.0,,16
MUS_0168,2023-05-25,47,Erkek,Ankara,Lisans,Standart,45495.53166818516,11092.253835118074,5,,20.376719007682254,1
MUS_0169,2022-04-16,54,Kadın,Antalya,Lise,Standart,43260.94738103638,10632.48824125902,3,6.0,24.25550698590864,72
MUS_0170,2022-01-11,40,Kadın,Istanbul,Doktora,Standart,26201.09075886811,8172.968501898257,4,8.0,33.45055123647693,38
MUS_0171,2023-04-02,56,Erkek,Adana,Lisans,Premium,69321.58711882634,22959.39592994872,2,10.0,18.484339136854327,5
MUS_0172,2022-03-27,62,Erkek,Ankara,Lise,Premium,36579.56750679287,15455.38411607843,2,,10.656855215322752,8
MUS_0173,2023-07-17,32,Erkek,Istanbul,Lisans,Premium,119383.35553898131,28283.544339754055,5,9.0,44.24364202731543,97
MUS_0174,2023-09-25,60,Kadın,Istanbul,Yukseklisans,Premium,39363.05971218885,16486.676963083468,9,9.0,49.0519313340606,11
MUS_0175,2023-11-21,46,Kadın,Bursa,Lise,Premium,11308.68257445329,2749.2050874886922,6,4.0,1.0007346586466404,36
MUS_0176,2023-05-01,53,Erkek,Izmir,Lise,Standart,11059.68985468839,1248.3356328062055,5,9.0,27.323342550034894,14
MUS_0177,2022-12-18,30,Kadın,Bursa,Ilkokul,Premium,49611.35266622773,15737.83579350788,1,6.0,,47
MUS_0178,2022-09-15,49,Kadın,Istanbul,Ilkokul,Premium,69581.01778607372,23079.705177729018,6,7.0,13.849478769360463,29
MUS_0179,2022-12-25,24,Erkek,Istanbul,Yukseklisans,Premium,24540.643368047124,11681.763613354602,6,7.0,16.785319543496772,1
MUS_0180,2022-05-19,68,Kadın,Ankara,Lisans,Standart,103827.83631863083,40460.388053758455,3,,31.943887821310028,8
MUS_0181,2022-09-12,39,Kadın,Ankara,Lise,Standart,83407.9967878883,60957.248411629014,4,8.0,9.535800511489745,19
MUS_0182,2023-06-09,45,Erkek,Ankara,Lisans,Standart,40347.04277707871,18685.762154286203,4,7.0,45.64303558289751,62
MUS_0183,2022-06-08,19,Erkek,Adana,Lise,Premium,47559.0307548329,16100.045898131564,4,9.0,23.30572624697379,2
MUS_0184,2022-07-12,59,Erkek,Adana,Doktora,Standart,56798.49504628663,17701.849453809533,5,8.0,16.27884165746642,22
MUS_0185,2023-07-02,62,Erkek,Adana,Doktora,Premium,93432.77275141148,29917.72589375569,7,,38.27656657737995,8
MUS_0186,2022-05-10,70,Kadın,Bursa,Lise,Standart,51075.897073189786,25078.412913795535,7,7.0,0.817333261809633,52
MUS_0187,2022-06-29,23,Kadın,Ankara,Yukseklisans,Standart,39893.38605621322,16390.882846138054,5,2.0,21.59264328690184,34
MUS_0188,2022-01-13,45,Erkek,Ankara,Lisans,Standart,50825.35375831481,7282.07071876691,13,7.0,17.765180050061495,11
MUS_0189,2023-06-10,45,Erkek,Ankara,Lise,Standart,47509.27056288829,19804.51335903902,8,9.0,16.91049549948672,4
MUS_0190,2023-03-28,61,Erkek,Antalya,Lise,Standart,57653.43419404074,10217.688516466553,2,5.0,16.85356810452916,1
MUS_0191,2023-05-22,61,Erkek,Istanbul,Lisans,Standart,16564.02333529307,4754.651780911704,3,10.0,1.5635688873633702,23
MUS_0192,2022-06-06,37,Kadın,Ankara,Lisans,Elit,42528.37269409204,8068.799485126341,5,8.0,7.605820150441989,12
MUS_0193,2023-05-17,47,Erkek,Istanbul,Doktora,Standart,45716.760207278756,17690.570012652468,9,8.0,7.09425796562072,9
MUS_0194,2023-03-12,28,Erkek,Ankara,Lisans,Standart,35016.561577216235,15588.559148036233,7,8.0,49.4305252409761,101
MUS_0195,2022-09-25,45,Erkek,Antalya,Yukseklisans,Premium,53749.154848033795,11643.72334197469,6,7.0,1.108287794530588,15
MUS_0196,2022-11-16,42,Kadın,Bursa,Lisans,Premium,94900.45795875392,12507.589248735607,7,8.0,8.35368281759991,33
MUS_0197,2023-02-19,56,Erkek,Istanbul,Yukseklisans,Premium,38913.9690058246,8706.148909411348,5,,,4
MUS_0198,2022-12-27,50,Kadın,Adana,Lisans,Standart,51321.268729440126,18989.03609458485,6,9.0,31.412829690500217,1
MUS_0199,2023-04-14,18,Erkek,Izmir,Lise,Premium,81075.19855699273,18605.5504393582,4,8.0,22.533356030336567,12
MUS_0200,2022-05-13,44,Kadın,Istanbul,Lisans,Premium,39370.90036413006,8319.09017520763,3,8.0,3.9380466523184943,26
MUS_0201,2023-01-30,69,Kadın,Istanbul,Yukseklisans,Standart,23289.744648493874,4256.538409942098,7,8.0,33.48305808164383,16
MUS_0202,2022-11-25,30,Erkek,Istanbul,Ilkokul,Standart,49409.07666934016,14512.893652607025,6,3.0,6.890149384063394,53
MUS_0203,2022-12-03,58,Erkek,Istanbul,Yukseklisans,Standart,12078.31447575652,2381.561226727459,4,3.0,33.55930610795908,13
MUS_0204,2022-12-09,20,Kadın,Adana,Lise,Standart,11508.215850068093,4326.416522610771,5,8.0,48.95882486000292,8
MUS_0205,2023-10-06,56,Kadın,Ankara,Lisans,Premium,42894.80592420194,5669.441128678263,5,5.0,26.59863293084764,59
MUS_0206,2023-08-21,23,Erkek,Antalya,Yukseklisans,Standart,11243.155342335907,4358.749367641793,3,7.0,10.70423272513304,12
MUS_0207,2023-04-05,25,Erkek,Istanbul,Lise,Elit,18815.120901032114,3267.4533551794257,2,7.0,31.26418754397991,7
MUS_0208,2023-06-08,44,Kadın,Istanbul,Lise,Standart,30029.95667477315,8899.089384670897,1,2.0,25.646484389564144,2
MUS_0209,2022-02-01,26,Kadın,Ankara,Lise,Standart,25318.5301880242,5244.359406322568,3,2.0,26.657013180532303,37
MUS_0210,2023-06-28,54,Erkek,Istanbul,Yukseklisans,Standart,33728.44239032461,13325.069454142984,2,,23.90534730599984,41
MUS_0211,2022-12-21,50,Kadın,Ankara,Ilkokul,Standart,63350.30944238067,30241.834696324688,6,7.0,33.68702871217779,1
MUS_0212,2022-08-20,68,Erkek,Antalya,Yukseklisans,Premium,40914.52468176955,19126.2914674706,4,7.0,28.5972681203501,10
MUS_0213,2022-04-13,59,Kadın,Ankara,Lise,Premium,23869.094861448033,7956.984356676351,4,10.0,49.349753872718644,33
MUS_0214,2022-02-24,61,Erkek,Izmir,Doktora,Standart,71483.40017851765,20600.766752259333,7,4.0,41.29317105211594,70
MUS_0215,2022-02-02,41,Erkek,Istanbul,Doktora,Standart,17775.411088182253,8005.518594559372,4,5.0,13.234918885550329,11
MUS_0216,2022-04-29,32,Erkek,Istanbul,Lisans,Standart,40576.39426223684,14921.474320152593,3,8.0,36.28782609524868,49
MUS_0217,2022-01-23,49,Kadın,Istanbul,Lisans,Premium,16813.829520337076,2725.4380174328544,4,8.0,,12
MUS_0218,2023-06-19,49,Erkek,Izmir,Lisans,Standart,41198.57522677549,17712.437894044717,4,6.0,39.11732040406956,4
MUS_0219,2022-07-01,41,Erkek,Istanbul,Lisans,Standart,30967.27553677139,8245.999507939134,5,10.0,7.3778819988671085,1
MUS_0220,2022-09-27,58,Erkek,Ankara,Ortaokul,Premium,62387.42151565843,11141.590117260537,6,10.0,23.677691677361906,9
MUS_0221,2023-08-24,69,Erkek,Izmir,Ilkokul,Elit,52070.025485155915,11295.104127050368,3,1.0,39.53030991530373,11
MUS_0222,2022-03-25,66,Kadın,Ankara,Ortaokul,Standart,27076.739953210483,93130.90508797154,4,4.0,14.00563511532827,69
MUS_0223,2023-09-02,66,Erkek,Istanbul,Lise,Standart,24600.700068678187,7416.504575853739,3,9.0,41.855956256583156,5
MUS_0224,2023-04-12,69,Kadın,Istanbul,Lise,Premium,31021.991447212476,5955.49411978729,2,6.0,32.2075354516986,11
MUS_0225,2022-09-07,29,Kadın,Antalya,Lisans,Premium,92761.38571931122,13881.821654658934,0,3.0,19.876116455360794,1
MUS_0226,2022-03-27,56,Kadın,Izmir,Doktora,Standart,81595.89559073785,12259.623289936813,5,8.0,21.17083546531359,34
MUS_0227,2022-03-08,19,Erkek,Ankara,Lise,Elit,22378.722708016376,7008.49937017666,4,7.0,46.29957669599277,59
MUS_0228,2022-09-02,20,Erkek,Istanbul,Lisans,Premium,54182.46813734636,21149.184412644907,7,7.0,10.889550000618964,6
MUS_0229,2022-04-13,66,Erkek,Adana,Lise,Standart,15279.758926757198,3412.334767719499,1,5.0,34.66813075873551,13
MUS_0230,2022-07-15,54,Erkek,Izmir,Yukseklisans,Standart,29037.075834699706,3146.7718325589085,3,8.0,35.364710287076775,3
MUS_0231,2022-02-08,66,Erkek,Istanbul,Yukseklisans,Standart,22838.838839322227,2873.209381103784,5,7.0,46.122484659181836,14
MUS_0232,2023-03-11,34,Kadın,Antalya,Yukseklisans,Premium,61984.50595139257,28499.53226963581,5,5.0,35.65821343786703,3
MUS_0233,2022-04-17,66,Erkek,Istanbul,Doktora,Standart,19046.549586959656,5403.704767859114,7,6.0,29.22337090291875,17
MUS_0234,2023-07-07,19,Erkek,Ankara,Ilkokul,Premium,45011.58219341385,12644.513299447177,2,7.0,45.126126950814644,31
MUS_0235,2022-06-09,19,Kadın,Izmir,Yukseklisans,Premium,36328.39917444575,4098.505773911773,4,9.0,,19
MUS_0236,2023-08-06,45,Erkek,Istanbul,Lisans,Standart,33265.482777092926,12895.61938785761,4,9.0,35.83882274171131,6
MUS_0237,2022-05-19,40,Kadın,Adana,Lise,Premium,,26229.79795048351,4,6.0,1.6289191196087238,10
MUS_0238,2023-06-11,54,Kadın,Bursa,Doktora,Elit,87539.77987414222,15989.252985108827,6,8.0,18.67602091201807,24
MUS_0239,2022-09-01,49,Erkek,Izmir,Ortaokul,Standart,33786.06068953686,4896.17329637115,8,8.0,31.594483610092716,21
MUS_0240,2023-03-02,50,Kadın,Istanbul,Lisans,Standart,30547.61368301764,7763.419164440591,6,,26.11252621783825,3
MUS_0241,2022-01-29,18,Kadın,Istanbul,Lise,Standart,17095.37675273666,7262.845237476985,5,7.0,15.965916324892193,44
MUS_0242,2022-12-28,36,Kadın,Istanbul,Lise,Premium,36238.251325329285,16019.131349108324,3,1.0,7.221195775488826,15
MUS_0243,2022-04-19,19,Erkek,Bursa,Lisans,Elit,96437.6175349603,32557.059342842822,2,8.0,27.64982913444608,4
MUS_0244,2022-12-22,70,Erkek,Istanbul,Lisans,Standart,34051.60102295649,13264.521875823197,7,4.0,14.29587879311065,3
MUS_0245,2022-04-14,61,Kadın,Ankara,Lise,Premium,52280.54757489511,7793.366064167859,3,4.0,11.650024490449818,80
MUS_0246,2022-11-16,43,Erkek,Izmir,Lise,Standart,18056.325363799784,6324.256752942491,6,7.0,19.94791135274668,7
MUS_0247,2022-03-22,49,Erkek,Istanbul,Yukseklisans,Standart,29220.112492205542,10668.580431374845,2,,39.274571660713434,57
MUS_0248,2022-06-10,23,Erkek,Izmir,Ortaokul,Standart,45763.06725134126,8348.73462292477,7,5.0,24.39267511831561,12
MUS_0249,2023-03-11,49,Kadın,Istanbul,Lise,Standart,38289.50815098138,16738.029694482782,4,8.0,10.824610524933497,11
MUS_0250,2023-12-14,21,Erkek,Adana,Yukseklisans,Standart,54848.69466791204,9676.41040972328,9,6.0,5.845157114002419,28
MUS_0251,2022-11-24,28,Kadın,Ankara,Yukseklisans,Standart,26867.26896750483,5964.366637610983,9,,24.949363188739998,1
MUS_0252,2023-05-17,34,Kadın,Istanbul,Lise,Standart,15138.640467799316,5569.852508392721,3,7.0,39.71831992111173,9
MUS_0253,2023-01-29,55,Kadın,Istanbul,Lisans,Elit,63643.03141782377,22693.50313424064,10,5.0,32.64090118269702,8
MUS_0254,2022-12-30,41,Kadın,Ankara,Yukseklisans,Standart,22741.01395508981,8734.839741993339,8,5.0,11.607444007162481,48
MUS_0255,2022-02-17,22,Kadın,Bursa,Yukseklisans,Standart,46784.25593919392,6863.045117067386,3,7.0,21.835329284474614,18
MUS_0256,2022-04-16,69,Kadın,Bursa,Lisans,Standart,45498.21772279268,20018.55735100866,6,4.0,42.76151816720344,10
MUS_0257,2023-10-07,51,Erkek,Izmir,Lise,Premium,15805.660312464017,5255.8394059521415,5,3.0,8.882795392641945,7
MUS_0258,2022-10-27,23,Kadın,Istanbul,Lise,Standart,61363.02343992545,17243.938554166343,4,8.0,26.604028534144852,21
MUS_0259,2023-03-25,39,Erkek,Istanbul,Lise,Standart,27356.690488311637,13500.744751627795,1,6.0,17.811575438042077,3
MUS_0260,2023-01-21,28,Erkek,Istanbul,Lisans,Elit,37329.057021947796,15013.915738252264,3,8.0,6.208987741475969,6
MUS_0261,2022-10-04,65,Erkek,Izmir,Ilkokul,Standart,30360.834501841142,4090.9093373098654,5,4.0,2.495196045544912,8
MUS_0262,2022-10-11,33,Kadın,Antalya,Lisans,Standart,81739.75428978099,33077.28925559994,5,7.0,27.793569232289762,22
MUS_0263,2023-02-10,50,Erkek,Ankara,Lise,Premium,71093.06725619695,9665.689624972343,7,7.0,1.0374436870189463,11
MUS_0264,2022-04-14,26,Kadın,Istanbul,Lise,Standart,14674.003064528753,1650.6047396212311,2,3.0,5.172305834646745,16
MUS_0265,2022-10-10,23,Kadın,Izmir,Yukseklisans,Standart,112354.41357000796,29219.029786699208,4,7.0,17.37821405808706,25
MUS_0266,2022-11-23,33,Kadın,Bursa,Lisans,Standart,25870.190366707815,13060.471961996149,4,,2.176009267788137,75
MUS_0267,2023-12-21,46,Kadın,Bursa,Ortaokul,Standart,103903.54943046051,17601.107250407902,4,,20.022261322594243,34
MUS_0268,2022-09-14,20,Kadın,Antalya,Yukseklisans,Standart,31948.969760882832,11960.173863826245,8,8.0,6.51825120884455,12
MUS_0269,2023-04-16,37,Kadın,Istanbul,Ilkokul,Standart,30624.072049210947,5273.510621992344,9,7.0,17.493654535007696,33
MUS_0270,2022-04-11,53,Kadın,Istanbul,Lisans,Standart,32091.16807663062,12354.06256410819,6,4.0,39.55798435450341,71
MUS_0271,2022-02-17,36,Kadın,Antalya,Lisans,Standart,29720.882063415964,9080.28275402513,3,6.0,,16
MUS_0272,2023-09-29,43,Kadın,Izmir,Lise,Premium,128309.20178886583,47596.85731151523,5,7.0,22.270053889375458,12
MUS_0273,2023-06-18,20,Kadın,Istanbul,Yukseklisans,Standart,34955.055976758,6344.908504549691,5,8.0,4.591665392758021,1
MUS_0274,2022-08-20,36,Erkek,Bursa,Lisans,Standart,31221.173571280604,12372.55512054495,4,5.0,30.957482965736656,53
MUS_0275,2023-01-04,37,Erkek,Bursa,Lisans,Premium,37741.115604243576,18984.403544505654,3,1.0,8.185482625452517,6
MUS_0276,2022-04-10,49,Erkek,Izmir,Ilkokul,Premium,22389.164688227156,8308.324396296386,2,6.0,3.829317193080745,1
MUS_0277,2023-06-01,24,Erkek,Izmir,Lise,Standart,80705.35969796234,23994.983959363824,3,7.0,,18
MUS_0278,2022-02-21,69,Kadın,Ankara,Yukseklisans,Elit,17404.07376375341,8030.060298827464,3,5.0,45.60299489105037,44
MUS_0279,2023-07-07,58,Kadın,Ankara,Lise,Standart,26715.406393605896,2587.137704319206,6,,23.029671838526117,12
MUS_0280,2023-02-04,50,Kadın,Ankara,Lisans,Standart,58007.648697188895,22764.354986596107,6,6.0,2.049795530405701,36
MUS_0281,2022-07-23,57,Erkek,Antalya,Lisans,Premium,37092.72231674484,16769.225156303717,2,7.0,44.01488587092705,43
MUS_0282,2023-09-22,56,Kadın,Antalya,Lisans,Standart,47791.7156763989,5582.58600207436,2,6.0,3.3486883061787043,14
MUS_0283,2023-12-21,35,Kadın,Antalya,Ortaokul,Standart,78165.37537512666,21622.3057586905,3,7.0,43.37566213507936,21
MUS_0284,2022-07-05,57,Kadın,Istanbul,Lise,Standart,59988.05716647179,11236.269700412093,10,2.0,19.59096866114655,18
MUS_0285,2023-08-12,18,Kadın,Bursa,Lisans,Standart,38899.55821380966,12572.883088968858,1,4.0,18.269726931154484,67
MUS_0286,2023-07-02,28,Kadın,Bursa,Lise,Standart,103225.51346014123,37358.746068029046,4,7.0,27.13986897282259,31
MUS_0287,2023-06-30,45,Erkek,Izmir,Lise,Elit,26524.707221840858,5791.937307035156,3,6.0,47.85424087221094,62
MUS_0288,2023-11-30,42,Kadın,Bursa,Ilkokul,Standart,34539.02694602409,10056.745935110202,8,6.0,44.93702725429891,5
MUS_0289,2022-12-22,67,Erkek,Antalya,Lise,Premium,35766.95975059033,7806.578429208839,1,8.0,23.51650441523836,8
MUS_0290,2023-05-08,40,Erkek,Ankara,Yukseklisans,Standart,34502.57082781612,8383.095923314295,8,9.0,34.791161551190925,1
MUS_0291,2023-08-25,48,Kadın,Ankara,Ortaokul,Premium,21277.27054825826,3087.961850151103,8,5.0,29.021462617170616,16
MUS_0292,2022-12-17,47,Erkek,Istanbul,Lise,Premium,16451.551821863002,7092.021917775909,5,9.0,34.673078953158374,49
MUS_0293,2022-12-18,59,Kadın,Ankara,Lise,Premium,44738.99569426094,4491.30955459615,9,7.0,41.46637300310485,9
MUS_0294,2022-08-21,52,Erkek,Izmir,Lisans,Standart,26456.657507578213,12361.831686782945,5,5.0,1.7246914434296934,3
MUS_0295,2023-07-25,24,Kadın,Bursa,Lisans,Standart,94268.6906082626,30901.32437001379,10,,16.287992696394877,1
MUS_0296,2023-05-16,33,Erkek,Istanbul,Lise,Standart,35021.89927514045,8177.35376255983,9,9.0,47.96645541169336,14
MUS_0297,2022-11-26,43,Kadın,Istanbul,Lisans,Premium,32024.46340926593,12725.320297012606,4,10.0,47.46681542624621,4
MUS_0298,2022-11-03,65,Kadın,Izmir,Lisans,Premium,62766.06832895706,19046.51360871283,5,4.0,0.5610444988731256,10
MUS_0299,2022-02-22,69,Erkek,Istanbul,Yukseklisans,Standart,44404.509950512045,13320.69935288573,7,4.0,10.072006496118313,41
MUS_0300,2022-01-05,66,Kadın,Istanbul,Yukseklisans,Standart,33264.34182290905,4916.491040348757,8,7.0,49.688502117218135,11
MUS_0301,2023-01-22,19,Kadın,Istanbul,Lise,Standart,26360.82079731389,6801.060893884901,4,8.0,24.641253794974293,22
MUS_0302,2022-11-01,18,Erkek,Istanbul,Lise,Premium,226126.73648881895,44397.21775283952,2,4.0,28.64330019834263,16
MUS_0303,2023-08-05,65,Erkek,Istanbul,Ortaokul,Standart,43516.38797253943,4480.560575617678,8,9.0,8.321009276122627,30
MUS_0304,2023-02-01,29,Erkek,Ankara,Lise,Premium,62455.82517915982,15257.40813097214,7,7.0,44.71678043792648,4
MUS_0305,2023-11-15,22,Erkek,Ankara,Doktora,Elit,21775.205516959348,3178.758642397949,5,6.0,11.563214982455644,60
MUS_0306,2022-05-24,54,Kadın,Antalya,Lise,Standart,27200.953499222953,5870.905032668616,9,7.0,9.482381500976828,24
MUS_0307,2023-12-24,49,Kadın,Ankara,Lise,Standart,104419.6279710611,14364.638591451218,8,8.0,11.406120166016409,7
MUS_0308,2022-08-06,26,Erkek,Izmir,Lisans,Standart,73018.30701209368,62806.55454810576,6,2.0,45.98108513205044,3
MUS_0309,2023-04-14,58,Erkek,Istanbul,Lisans,Standart,45652.381432871174,8253.32009355632,6,10.0,35.14233535884246,3
MUS_0310,2023-01-02,52,Kadın,Istanbul,Ortaokul,Standart,30007.857832628462,14984.653503425678,5,6.0,38.429819724513756,36
MUS_0311,2022-09-20,36,Erkek,Izmir,Lise,Standart,32305.15564681619,3361.5906103874777,4,3.0,18.851817909212638,21
MUS_0312,2022-04-12,65,Erkek,Istanbul,Lise,Premium,25898.611400548987,9444.021472936036,9,,45.45885074652807,11
MUS_0313,2022-04-09,33,Kadın,Ankara,Lisans,Standart,20365.047141937473,3009.806174514887,2,10.0,39.470397616969485,9
MUS_0314,2023-06-04,20,Kadın,Izmir,Ilkokul,Standart,57637.120493790455,26698.374647145578,8,9.0,,46
MUS_0315,2022-10-03,37,Kadın,Izmir,Lise,Elit,47544.22509044701,6428.502201726962,5,9.0,48.54701418364758,49
MUS_0316,2023-12-03,41,Kadın,Istanbul,Lisans,Premium,52472.23272420277,25335.274789562896,4,7.0,18.30984153966743,20
MUS_0317,2022-08-26,50,Kadın,Istanbul,Lise,Standart,30685.668670124694,10741.215073798403,5,9.0,30.54868233979406,17
MUS_0318,2023-12-19,41,Kadın,Izmir,Lisans,Standart,41267.04372200752,3949.7347214354163,3,2.0,45.49648494886081,40
MUS_0319,2022-05-30,69,Erkek,Istanbul,Lisans,Standart,29260.04222042024,12891.7642600792,8,8.0,39.544447159297626,33
MUS_0320,2022-03-17,28,Erkek,Izmir,Lise,Premium,25244.055181190455,7690.5643877387465,7,8.0,,12
MUS_0321,2022-08-17,66,Erkek,Bursa,Yukseklisans,Premium,83577.63322085343,17100.306396021653,4,2.0,3.8106842390099427,2
MUS_0322,2023-10-09,25,Erkek,Adana,Lisans,Premium,38590.20043268573,15470.348245848052,2,7.0,32.63617197778366,35
MUS_0323,2023-01-16,53,Kadın,Istanbul,Ortaokul,Standart,46804.15074677289,21877.91459929897,3,7.0,26.327777843392607,4
MUS_0324,2022-04-10,55,Erkek,Bursa,Lisans,Premium,55153.58388737091,16359.728026745765,2,8.0,9.20902307423132,1
MUS_0325,2022-05-28,57,Erkek,Ankara,Lisans,Standart,38832.79665248151,8800.433241580711,7,3.0,44.11265616712987,44
MUS_0326,2022-08-16,37,Erkek,Ankara,Lisans,Standart,40958.57102470174,17090.607483504366,5,8.0,17.162429744937164,20
MUS_0327,2023-03-07,52,Erkek,Istanbul,Lise,Standart,21092.808068407612,7790.452619988898,6,4.0,19.373994675864846,53
MUS_0328,2022-08-31,65,Kadın,Bursa,Doktora,Standart,23200.81034670535,10417.17008074023,2,6.0,33.62007743982053,15
MUS_0329,2023-06-30,42,Erkek,Istanbul,Lise,Standart,22608.757776598577,8451.048760342273,6,9.0,24.439937102062046,62
MUS_0330,2023-03-26,52,Kadın,Ankara,Lise,Premium,49154.77185296681,9803.485199468096,3,7.0,4.464053813957469,10
MUS_0331,2023-09-30,42,Erkek,Istanbul,Lise,Elit,37625.80233759421,17486.086902460847,3,,,30
MUS_0332,2023-01-01,46,Kadın,Bursa,Ortaokul,Standart,23201.77859090998,3623.1622290918085,3,2.0,4.723305896911656,8
MUS_0333,2022-08-30,35,Kadın,Bursa,Yukseklisans,Standart,48535.43461691631,10170.402292383176,6,8.0,9.53752015616906,1
MUS_0334,2023-12-29,63,Erkek,Bursa,Ortaokul,Standart,47654.30400882684,14574.059172115125,5,10.0,0.3587219175226919,11
MUS_0335,2022-09-17,35,Kadın,Istanbul,Ortaokul,Standart,25655.596254123167,76967.72080034482,8,9.0,9.065654074233109,32
MUS_0336,2022-11-09,19,Erkek,Istanbul,Yukseklisans,Standart,35813.716006443974,4045.173014598239,4,8.0,16.522367699918046,3
MUS_0337,2023-08-14,52,Erkek,Izmir,Lise,Elit,47742.19311318314,19614.653227408653,5,4.0,26.91092168661473,16
MUS_0338,2022-03-06,33,Kadın,Ankara,Ilkokul,Standart,23642.998957781787,5740.775518888267,5,5.0,45.96386055913661,5
MUS_0339,2022-10-10,58,Erkek,Istanbul,Ortaokul,Standart,48199.95577214778,12954.432700422927,7,5.0,27.016343362102763,1
MUS_0340,2022-03-04,53,Erkek,Izmir,Ortaokul,Standart,42214.19433349198,18311.967757321258,6,6.0,35.28017706821708,23
MUS_0341,2022-04-12,50,Kadın,Adana,Lise,Premium,,5552.461775358612,1,5.0,17.883854565288708,72
MUS_0342,2022-01-04,21,Erkek,Bursa,Lisans,Premium,40534.07946373376,4587.4518355569435,2,5.0,37.58153967836337,8
MUS_0343,2022-01-07,50,Kadın,Bursa,Lise,Elit,43600.51727306849,7343.077400341436,7,7.0,31.02343730257387,20
MUS_0344,2022-10-05,31,Erkek,Adana,Ortaokul,Premium,26555.693202735412,13016.041020152212,9,6.0,22.98970066374306,73
MUS_0345,2023-08-14,38,Kadın,Istanbul,Lisans,Standart,27621.73315699736,3334.017509738554,10,8.0,9.68843974456129,25
MUS_0346,2023-03-05,65,Kadın,Izmir,Lisans,Standart,21933.930057284895,5265.750820648925,7,,15.177045399864946,26
MUS_0347,2023-04-09,37,Kadın,Adana,Lise,Premium,29013.035716562077,8799.322606138781,7,8.0,31.047304368787753,4
MUS_0348,2023-01-15,25,Kadın,Istanbul,Lisans,Standart,,10547.475412344626,2,,21.30281621822865,16
MUS_0349,2023-08-22,24,Erkek,Izmir,Lise,Standart,27659.8980850947,3029.089368940146,5,8.0,44.469327837452596,10
MUS_0350,2023-10-05,20,Kadın,Izmir,Lisans,Standart,17284.337971636916,5332.133711924557,5,6.0,11.742013576779264,15
MUS_0351,2023-09-13,34,Erkek,Izmir,Lisans,Standart,25737.542115480417,6926.607313435104,7,1.0,3.6536326126636154,38
MUS_0352,2023-08-16,50,Erkek,Izmir,Lise,Standart,29476.657166112374,14565.417619801136,5,3.0,29.467428825274222,14
MUS_0353,2022-05-14,65,Erkek,Antalya,Yukseklisans,Standart,54634.4193866294,8749.489669194003,6,6.0,44.302542009503796,1
MUS_0354,2023-03-10,29,Kadın,Bursa,Ilkokul,Premium,48892.65488785517,11921.554868666373,4,8.0,18.236951471989432,56
MUS_0355,2023-03-01,68,Erkek,Istanbul,Lisans,Standart,55166.465546267274,14970.775247131729,11,9.0,32.385566743408255,18
MUS_0356,2023-01-21,39,Kadın,Antalya,Ortaokul,Standart,25096.67262272019,6639.606143671127,5,10.0,11.570631108857432,62
MUS_0357,2022-12-17,39,Kadın,Istanbul,Lisans,Standart,,14123.857678764538,6,2.0,27.923596083634415,20
MUS_0358,2022-03-07,63,Kadın,Ankara,Lisans,Standart,10812.701106359214,1834.1130154613847,3,10.0,39.33960504313266,1
MUS_0359,2022-03-16,47,Erkek,Ankara,Yukseklisans,Standart,,8251.720313516995,1,6.0,43.35157993883419,19
MUS_0360,2023-10-21,55,Kadın,Ankara,Ortaokul,Standart,49288.636521959445,19626.535406420455,5,9.0,5.255956492619834,20
MUS_0361,2023-04-06,55,Erkek,Ankara,Lisans,Standart,30460.541876656815,9266.278070310509,5,5.0,17.818725814662272,5
MUS_0362,2022-07-11,62,Erkek,Adana,Lisans,Standart,42096.29057204491,11035.990921139664,5,3.0,31.98222209679351,15
MUS_0363,2022-07-23,68,Erkek,Izmir,Lisans,Standart,17026.698010006825,2880.4952940641647,6,6.0,1.7361434046826107,14
MUS_0364,2023-03-22,25,Erkek,Izmir,Lisans,Standart,24330.026009331796,4233.282022617285,1,9.0,34.53076000754135,23
MUS_0365,2022-10-25,44,Kadın,Istanbul,Lisans,Standart,53248.484294639704,5355.075602580523,11,5.0,,7
MUS_0366,2022-11-19,44,Kadın,Antalya,Lise,Standart,46893.138320777114,6411.456489622908,1,4.0,14.42831396100132,20
MUS_0367,2022-02-14,51,Erkek,Antalya,Lise,Standart,29556.907281720793,9577.201653649723,5,9.0,40.73272252970253,6
MUS_0368,2022-04-12,38,Erkek,Bursa,Lisans,Premium,54485.02426170565,25272.24469584957,6,10.0,14.502535614788759,14
MUS_0369,2022-10-15,47,Erkek,Istanbul,Ortaokul,Standart,38915.54477514984,8230.486282475169,5,1.0,49.57075231019017,3
MUS_0370,2023-05-26,50,Erkek,Istanbul,Doktora,Standart,28222.915068628274,6180.40449020174,5,8.0,40.81850945566702,1
MUS_0371,2022-02-05,45,Kadın,Istanbul,Lisans,Standart,33142.98451458917,4637.113689306511,3,6.0,,9
MUS_0372,2022-09-02,64,Erkek,Istanbul,Doktora,Premium,28920.07166591749,7209.171601325583,5,6.0,3.0673778981323006,7
MUS_0373,2023-05-23,50,Erkek,Ankara,Lise,Premium,20092.703628550687,2223.0387990328904,2,7.0,45.215518599363676,12
MUS_0374,2023-08-02,22,Erkek,Antalya,Yukseklisans,Premium,68073.47414382461,31583.753577093008,7,6.0,39.50276528687755,78
MUS_0375,2022-05-19,65,Kadın,Ankara,Yukseklisans,Premium,27336.765133281056,10258.375647382463,6,7.0,11.451253964590114,17
MUS_0376,2023-06-18,36,Kadın,Istanbul,Lisans,Standart,23952.300268756124,11664.30866367332,5,7.0,19.612409066344448,19
MUS_0377,2023-11-29,21,Kadın,Istanbul,Lisans,Premium,16904.342824159612,7663.856034086243,4,7.0,13.431577580957143,68
MUS_0378,2023-10-24,52,Kadın,Istanbul,Lise,Standart,9720.730667720598,3211.2371713584967,4,8.0,49.220801709053326,60
MUS_0379,2023-07-31,66,Kadın,Istanbul,Yukseklisans,Standart,51572.7357070971,15988.6187300436,6,8.0,42.70982224027797,51
MUS_0380,2023-06-04,34,Erkek,Istanbul,Lisans,Standart,54003.511084612066,9607.212767024808,11,7.0,46.51126513475513,2
MUS_0381,2022-06-21,61,Kadın,Istanbul,Ortaokul,Standart,65941.23807941032,19152.565571385036,6,4.0,39.438711818771495,24
MUS_0382,2023-04-08,45,Kadın,Bursa,Lise,Elit,33707.6583719152,15795.477774044017,4,8.0,22.817412053512378,39
MUS_0383,2023-04-15,47,Kadın,Adana,Yukseklisans,Standart,30915.21499480346,3833.4041829201587,0,8.0,10.271712490734252,43
MUS_0384,2022-10-24,46,Kadın,Ankara,Yukseklisans,Premium,28173.537880548847,12486.988538577407,5,8.0,,20
MUS_0385,2022-12-26,63,Kadın,Ankara,Doktora,Standart,29487.484117003787,6965.687791007946,3,7.0,7.58414241833385,1
MUS_0386,2023-05-22,70,Kadın,Antalya,Lisans,Standart,63569.887826996885,29215.498239616136,2,,27.33247751516985,87
MUS_0387,2023-11-27,23,Kadın,Istanbul,Lise,Standart,35837.22281391755,16990.846309756398,4,8.0,45.998326143182126,15
MUS_0388,2022-08-04,52,Kadın,Istanbul,Lise,Standart,43872.167400018676,16202.542692515344,5,6.0,49.589903502288315,12
MUS_0389,2022-06-29,58,Kadın,Antalya,Lise,Premium,29114.644791846687,10719.399033754027,8,,14.36499000183824,12
MUS_0390,2023-03-16,54,Kadın,Istanbul,Ilkokul,Standart,70292.75070820216,19510.488494435627,2,8.0,34.865727014836466,13
MUS_0391,2022-04-06,41,Erkek,Izmir,Lise,Standart,14011.456008185178,6410.408140516308,4,,29.85490078051889,6
MUS_0392,2023-03-02,46,Kadın,Izmir,Lise,Premium,19726.889093088004,9642.49970636818,9,7.0,24.446805843815554,9
MUS_0393,2022-03-06,66,Erkek,Istanbul,Lise,Standart,43908.151364751524,17951.2221478267,2,9.0,33.288432190602066,101
MUS_0394,2022-12-25,63,Kadın,Istanbul,Yukseklisans,Elit,87142.969428356,30437.49764903449,5,6.0,,11
MUS_0395,2023-03-29,70,Kadın,Bursa,Lise,Standart,32449.811076272843,11307.18081858976,6,7.0,47.22423875467248,17
MUS_0396,2022-02-21,48,Kadın,Istanbul,Yukseklisans,Standart,23832.717419374254,10188.00490770308,6,8.0,35.27244338531685,45
MUS_0397,2022-06-01,52,Erkek,Istanbul,Lisans,Standart,59893.984453770616,18934.326273452316,6,8.0,37.71005459962224,17
MUS_0398,2022-09-02,50,Erkek,Bursa,Lise,Standart,42695.517665742205,17760.866201249006,5,4.0,12.121104750303695,9
MUS_0399,2022-09-27,69,Erkek,Ankara,Lise,Standart,69224.2771534138,21544.714056923585,5,7.0,8.429100174880972,17
MUS_0400,2023-05-09,38,Kadın,Istanbul,Ortaokul,Premium,19050.039568281412,2408.467530008224,5,9.0,19.71703965471615,2
MUS_0401,2023-01-22,49,Erkek,Antalya,Lise,Premium,66558.34717001242,16642.236912893582,5,10.0,38.333624266807696,3
MUS_0402,2022-10-06,40,Erkek,Ankara,Lisans,Premium,16743.59827423226,5370.869524309361,2,8.0,46.939795487642876,28
MUS_0403,2022-11-25,50,Erkek,Bursa,Ortaokul,Standart,31442.442365989806,4818.157346251691,2,10.0,21.366491298700392,59
MUS_0404,2022-01-10,20,Kadın,Bursa,Lise,Standart,44640.25799123174,6252.394846772203,7,7.0,38.707839624858295,31
MUS_0405,2023-07-17,35,Kadın,Izmir,Lise,Standart,39855.141176126504,12494.566934993727,4,7.0,23.520380973340476,1
MUS_0406,2022-01-30,42,Erkek,Ankara,Doktora,Standart,61715.8563517501,8103.880001045519,5,7.0,14.76141247777319,12
MUS_0407,2023-08-29,59,Erkek,Adana,Lisans,Premium,14569.272863045433,3271.8740152164696,2,4.0,36.96325753629238,1
MUS_0408,2023-01-30,48,Kadın,Istanbul,Lisans,Standart,38968.2986660474,15060.952771398679,4,6.0,39.91010669906636,17
MUS_0409,2023-01-21,20,Kadın,Izmir,Ortaokul,Standart,66159.31767522013,32355.581421794664,6,7.0,10.142039704034012,5
MUS_0410,2023-05-30,57,Kadın,Istanbul,Lisans,Standart,37408.271181460135,14256.985084190077,3,9.0,,48
MUS_0411,2023-09-20,63,Erkek,Istanbul,Lisans,Elit,20513.32922879473,10113.090488948075,6,8.0,24.73884217368311,2
MUS_0412,2023-11-20,41,Kadın,Istanbul,Lisans,Standart,60099.313475011804,22948.08834120826,3,7.0,9.326091488343835,1
MUS_0413,2023-02-01,67,Erkek,Adana,Doktora,Standart,26261.121774253323,5671.368921946345,9,6.0,46.441714937689625,14
MUS_0414,2022-04-20,49,Kadın,Adana,Lise,Standart,24048.754685595883,8836.976592118039,0,5.0,29.566695628037422,4
MUS_0415,2023-10-04,64,Kadın,Istanbul,Yukseklisans,Standart,22582.535556947634,8398.430113792976,2,6.0,6.060163868584634,32
MUS_0416,2022-01-30,39,Erkek,Istanbul,Yukseklisans,Standart,32881.23612564118,8596.39035823678,3,8.0,9.201493234123104,60
MUS_0417,2023-08-13,40,Erkek,Izmir,Ilkokul,Standart,39796.3353414989,4367.908546207393,9,5.0,47.71776726624222,1
MUS_0418,2023-05-12,19,Kadın,Ankara,Lisans,Premium,19253.535258536198,7124.429276187748,4,6.0,36.908429284830916,12
MUS_0419,2023-10-23,44,Kadın,Istanbul,Doktora,Standart,21336.554653025818,2354.4940620431366,7,6.0,,120
MUS_0420,2023-10-18,59,Kadın,Izmir,Ortaokul,Premium,25661.79430998696,8814.45328410585,6,8.0,3.6249297002527268,31
MUS_0421,2022-02-08,19,Kadın,Ankara,Lisans,Elit,22527.806645234035,4071.6317722670506,9,9.0,44.76494188544735,73
MUS_0422,2023-03-21,43,Kadın,Adana,Doktora,Premium,36989.12070075069,12107.310524873885,4,8.0,22.18676812793023,4
MUS_0423,2022-04-02,34,Kadın,Istanbul,Lisans,Standart,43504.11447345213,12924.218118092285,7,6.0,32.98586613199631,6
MUS_0424,2022-02-27,57,Erkek,Ankara,Lise,Standart,40616.793989883015,4420.749876354359,3,7.0,47.9844609557007,4
MUS_0425,2022-11-24,50,Kadın,Ankara,Lisans,Premium,40646.41602302949,9908.70445114107,5,4.0,5.000619017827845,8
MUS_0426,2022-03-13,26,Erkek,Bursa,Lise,Premium,83741.99454903296,28251.183029228017,4,4.0,24.113822974328937,30
MUS_0427,2023-06-16,60,Erkek,Ankara,Lisans,Standart,44884.23057099378,61342.35477505282,2,,2.4806368330965887,4
MUS_0428,2023-12-09,65,Kadın,Izmir,Ortaokul,Premium,53743.72118182525,24548.514083593145,1,4.0,24.977271166185773,17
MUS_0429,2023-02-20,56,Erkek,Istanbul,Lisans,Standart,,8891.710761815908,2,4.0,,7
MUS_0430,2022-06-21,46,Erkek,Antalya,Lisans,Standart,58221.09769204035,22798.833198243436,5,5.0,45.55327646369353,42
MUS_0431,2023-09-08,59,Erkek,Ankara,Lisans,Standart,28819.967391624446,6551.493027203984,5,4.0,19.924624713654342,1
MUS_0432,2023-09-15,43,Kadın,Istanbul,Lisans,Standart,44610.483381946135,10599.115332553436,5,8.0,31.69362230260396,6
MUS_0433,2023-06-19,52,Erkek,Izmir,Lisans,Standart,18293.783211759095,3571.424305084117,8,,43.01436324072745,22
MUS_0434,2023-03-26,67,Erkek,Istanbul,Lisans,Premium,39462.931450914926,12754.72633789044,6,9.0,,2
MUS_0435,2023-09-26,42,Erkek,Istanbul,Ortaokul,Standart,22299.2847382379,5129.641695573479,3,2.0,25.190968516427297,15
MUS_0436,2022-04-30,41,Erkek,Antalya,Lisans,Standart,57989.53413175276,7879.354095077304,3,6.0,22.787885143072796,13
MUS_0437,2023-11-12,30,Erkek,Ankara,Lise,Standart,56271.20523595745,21115.523063643413,5,9.0,3.7869822648229357,45
MUS_0438,2023-11-23,24,Erkek,Bursa,Yukseklisans,Standart,28758.43246124635,10947.811452972845,3,4.0,0.6369471668607518,23
MUS_0439,2023-09-29,53,Kadın,Istanbul,Ortaokul,Standart,101193.2631860914,24714.97015147337,2,9.0,30.440104624924807,24
MUS_0440,2022-07-02,62,Erkek,Bursa,Lise,Premium,31478.525176776624,4095.176749960814,6,7.0,3.2732176073823007,72
MUS_0441,2023-09-19,37,Erkek,Istanbul,Lisans,Premium,16219.84140152346,4779.618758620721,6,10.0,19.018946851923662,96
MUS_0442,2022-12-30,18,Erkek,Ankara,Lisans,Premium,24598.506650624775,6720.61459063837,6,9.0,0.18032180532307485,25
MUS_0443,2023-03-11,25,Erkek,Adana,Ortaokul,Premium,21545.65581330514,7734.830971435341,6,8.0,,17
MUS_0444,2023-09-06,63,Kadın,Bursa,Lisans,Standart,43905.771114634525,9928.776725339943,7,,21.27075802202481,22
MUS_0445,2022-01-22,33,Kadın,Ankara,Lisans,Standart,19581.068521096797,7289.176520563571,2,5.0,6.3510384893143925,11
MUS_0446,2022-09-22,31,Erkek,Istanbul,Lisans,Standart,27733.406936468735,12480.44794529155,7,4.0,14.818380342041104,105
MUS_0447,2023-08-19,29,Erkek,Antalya,Lise,Standart,42500.7110460728,8195.912049731518,4,6.0,28.483034948596224,29
MUS_0448,2023-08-18,68,Erkek,Ankara,Lisans,Elit,38922.312346986786,19155.031021034214,5,5.0,32.835668400498854,8
MUS_0449,2023-09-12,40,Kadın,Bursa,Lisans,Standart,,9211.677485480857,5,4.0,23.11679398317234,1
MUS_0450,2022-05-04,32,Kadın,Bursa,Lisans,Standart,38676.99506578,8183.602583137904,5,6.0,40.19795580454729,1
MUS_0451,2023-05-31,45,Kadın,Istanbul,Lisans,Premium,30174.423822338274,8123.586485743853,4,9.0,5.622020585149285,5
MUS_0452,2022-04-17,51,Erkek,Istanbul,Lisans,Elit,16287.023609542766,2264.178934571554,4,1.0,4.227286130620389,6
MUS_0453,2023-07-28,19,Kadın,Izmir,Lise,Premium,29779.660015285343,4578.626940607857,3,6.0,2.212213450890416,12
MUS_0454,2022-06-28,49,Erkek,Istanbul,Ilkokul,Standart,45907.091919226244,12374.424960011776,3,6.0,26.791391972472113,5
MUS_0455,2023-06-23,40,Erkek,Istanbul,Lise,Standart,33912.28122194776,13536.986182322371,7,7.0,35.31158521172289,23
MUS_0456,2022-11-29,39,Erkek,Adana,Ortaokul,Standart,44167.48600236808,20072.095783930243,5,5.0,6.526069971126486,5
MUS_0457,2023-12-21,68,Erkek,Izmir,Lise,Standart,27081.564137742214,10248.976761854023,4,,31.947281092769625,4
MUS_0458,2023-02-28,42,Kadın,Bursa,Lisans,Standart,59704.82040592729,8624.14298765295,9,7.0,,15
MUS_0459,2023-04-07,39,Kadın,Izmir,Lise,Standart,10115.670815283918,3686.862032495983,5,7.0,49.36722500755576,52
MUS_0460,2022-09-26,39,Erkek,Izmir,Yukseklisans,Elit,38976.73686352811,13808.376818070854,5,1.0,35.873680463320575,15
MUS_0461,2023-06-21,66,Kadın,Istanbul,Ilkokul,Standart,71284.92643196312,30025.50895935853,6,7.0,32.87366675958129,12
MUS_0462,2022-12-28,69,Kadın,Istanbul,Lisans,Premium,76791.5016965901,33070.240068679195,6,9.0,28.522486743617225,20
MUS_0463,2022-01-14,59,Kadın,Istanbul,Lisans,Premium,32340.866149488153,14271.094962804631,6,5.0,49.86830907748519,7
MUS_0464,2023-03-21,23,Kadın,Ankara,Lise,Standart,18711.63725108507,5138.828592145107,4,6.0,49.022958542728865,10
MUS_0465,2023-08-30,32,Kadın,Bursa,Ortaokul,Premium,71914.73219865296,27301.256340680728,3,2.0,26.905756274726077,5
MUS_0466,2022-06-22,60,Kadın,Ankara,Lisans,Standart,35385.85406575722,7377.8180473471475,4,10.0,22.759167366713086,20
MUS_0467,2022-06-11,54,Kadın,Ankara,Lise,Standart,,16582.66231070412,5,3.0,23.105746135087617,28
MUS_0468,2023-03-21,50,Erkek,Ankara,Yukseklisans,Premium,23238.663008614352,4058.5330599071203,2,9.0,21.41711951616828,26
MUS_0469,2023-08-21,25,Erkek,Istanbul,Lisans,Standart,19439.381459297787,1848.391135420165,6,6.0,26.56991534981611,7
MUS_0470,2022-07-02,70,Kadın,Ankara,Yukseklisans,Elit,48143.026807394395,7541.513281646662,0,7.0,13.679213390718537,36
MUS_0471,2023-11-12,61,Erkek,Istanbul,Lise,Standart,,20848.331065442984,9,8.0,46.33943915572133,7
MUS_0472,2023-11-08,61,Kadın,Istanbul,Lisans,Standart,40165.83352444883,11696.225241196025,3,4.0,24.511504073096763,3
MUS_0473,2022-05-27,22,Erkek,Istanbul,Lisans,Standart,24784.583584477357,6949.194503491455,10,7.0,42.100390591930456,10
MUS_0474,2022-07-12,56,Erkek,Ankara,Lisans,Standart,21322.1259053959,9763.69998840559,4,6.0,23.765183733381,21
MUS_0475,2023-05-27,21,Erkek,Bursa,Lise,Standart,17745.294699153375,8173.7061766779825,4,3.0,35.91451369551215,3
MUS_0476,2023-11-26,23,Erkek,Istanbul,Lisans,Premium,27439.185870603127,6296.236510527553,7,9.0,16.844098223829,25
MUS_0477,2023-06-03,62,Kadın,Istanbul,Lisans,Premium,21962.09337093561,3807.0588057921223,5,2.0,31.240342886663026,47
MUS_0478,2022-11-21,49,Kadın,Izmir,Lisans,Premium,,6954.710680754157,4,8.0,24.91857227254597,8
MUS_0479,2022-05-04,69,Kadın,Istanbul,Lise,Standart,50295.5813435534,23288.82460391733,10,6.0,18.35571282668049,14
MUS_0480,2022-12-03,47,Kadın,Antalya,Yukseklisans,Premium,18778.503603400888,6144.267705403132,5,5.0,44.07781305340005,6
MUS_0481,2023-03-19,64,Erkek,Ankara,Ortaokul,Premium,59394.76325151046,20781.494425975765,7,8.0,5.6355841374454485,10
MUS_0482,2022-08-30,52,Erkek,Ankara,Yukseklisans,Premium,44224.57261293645,8839.870253777084,3,7.0,24.346157415955517,1
MUS_0483,2023-01-08,57,Kadın,Izmir,Yukseklisans,Standart,42073.383288675854,17797.32673249343,4,6.0,9.718453663306835,73
MUS_0484,2022-04-06,69,Kadın,Istanbul,Yukseklisans,Premium,83504.39323352456,29462.933583133115,3,7.0,43.05275456087958,12
MUS_0485,2022-11-27,33,Erkek,Izmir,Lisans,Premium,19093.412952724553,5741.253292310796,2,5.0,12.67346723578317,37
MUS_0486,2022-03-08,30,Erkek,Ankara,Lise,Standart,56212.02595891906,7286.52605553449,3,9.0,31.67151700559108,3
MUS_0487,2022-02-05,67,Erkek,Antalya,Doktora,Premium,,14715.492597784034,6,6.0,8.278175754267703,40
MUS_0488,2023-09-18,59,Kadın,Istanbul,Lise,Standart,131338.741580987,45068.93558776711,7,5.0,20.24568347354183,47
MUS_0489,2022-05-30,47,Kadın,Ankara,Lisans,Standart,30019.5100548713,5475.561531838292,5,8.0,44.96785978246821,30
MUS_0490,2023-02-24,36,Erkek,Izmir,Lisans,Standart,27690.532089844,9625.308661529472,3,1.0,8.303222220097023,56
MUS_0491,2022-04-19,34,Kadın,Istanbul,Lisans,Standart,44925.81655419677,16903.801662774713,3,5.0,,4
MUS_0492,2022-07-11,36,Kadın,Ankara,Lise,Standart,32713.585649625904,9963.352057495627,7,6.0,10.225518527797739,15
MUS_0493,2022-09-21,45,Erkek,Bursa,Lisans,Premium,24853.864160439665,9689.38880049984,3,9.0,20.787452626608292,23
MUS_0494,2022-04-15,43,Kadın,Bursa,Yukseklisans,Standart,22356.25905483648,7457.605945072174,4,10.0,27.030844218729968,21
MUS_0495,2022-02-03,54,Kadın,Istanbul,Ortaokul,Premium,75289.97299721118,35880.489425736596,7,8.0,28.86532090948739,47
MUS_0496,2023-10-03,43,Erkek,Bursa,Yukseklisans,Premium,20297.828402270443,2655.1097886531443,4,7.0,30.125566877657768,5
MUS_0497,2022-01-09,70,Erkek,Adana,Ilkokul,Standart,40600.82965325406,5737.2393298482975,2,8.0,32.00657076954611,4
MUS_0498,2022-02-14,40,Erkek,Antalya,Lise,Premium,61579.978344445735,10666.422569772118,3,6.0,13.588434883689876,7
MUS_0499,2023-08-11,26,Erkek,Istanbul,Ilkokul,Elit,63085.57977649171,23575.923074250193,2,6.0,20.068374285857953,53
MUS_0500,2022-07-25,29,Erkek,Bursa,Ortaokul,Premium,26880.967812259165,9337.676437112026,8,10.0,1.8659331787532207,67
MUS_0501,2023-06-12,70,Kadın,Istanbul,Yukseklisans,Premium,32758.167513204444,14916.18894466917,6,4.0,38.437848826568754,20
MUS_0502,2022-04-17,18,Erkek,Adana,Lise,Elit,29729.742346091432,11734.66000932086,12,6.0,41.85497508944512,16
MUS_0503,2022-06-23,18,Erkek,Ankara,Lise,Premium,16856.48315353761,5006.443414766358,4,9.0,9.961838174277277,22
MUS_0504,2023-02-23,64,Kadın,Istanbul,Lise,Standart,47513.00259998227,22988.3714998744,3,8.0,10.072198231484093,22
MUS_0505,2023-12-23,51,Kadın,Izmir,Lisans,Premium,37021.415549323465,7719.548674446012,1,2.0,2.1018201095210354,4
MUS_0506,2022-02-23,49,Erkek,Istanbul,Lisans,Premium,74629.60372885005,32411.061870977923,6,2.0,48.519191139624375,27
MUS_0507,2022-10-20,65,Erkek,Adana,Lise,Standart,24062.2006720413,6651.459755162437,2,7.0,40.359328405861454,14
MUS_0508,2022-02-01,42,Erkek,Adana,Lise,Standart,62589.21633993234,22424.35272864683,4,7.0,18.035160145301603,17
MUS_0509,2022-05-26,57,Kadın,Izmir,Yukseklisans,Premium,64836.05131836506,25257.881134353276,4,7.0,,1
MUS_0510,2023-10-25,62,Erkek,Istanbul,Lise,Standart,,13431.381079601471,5,6.0,14.598348032543429,34
MUS_0511,2022-03-12,70,Kadın,Izmir,Lisans,Elit,12265.788148350019,1600.8710029610618,4,10.0,,43
MUS_0512,2023-09-18,18,Kadın,Istanbul,Lise,Standart,28105.37649265212,7740.836060480264,5,5.0,35.865420616675415,23
MUS_0513,2022-05-10,33,Erkek,Istanbul,Lisans,Standart,88692.93921592875,28816.00226182413,7,7.0,22.368423899593605,33
MUS_0514,2023-09-22,56,Kadın,Bursa,Lise,Standart,42130.527924769594,18642.521880649896,6,6.0,43.679709664581175,17
MUS_0515,2023-01-28,22,Kadın,Istanbul,Lisans,Standart,51364.361397593566,14285.421805758571,4,4.0,25.8512931109405,23
MUS_0516,2023-10-04,39,Erkek,Ankara,Lise,Premium,34731.99923596475,16052.773671306539,5,5.0,7.2126634538905385,12
MUS_0517,2022-04-21,46,Kadın,Adana,Doktora,Elit,32476.71159222801,9201.956602363478,3,9.0,31.11456879188208,37
MUS_0518,2023-07-11,20,Erkek,Istanbul,Lise,Premium,14275.894801117427,4561.700378491437,1,9.0,23.11154829539013,15
MUS_0519,2023-05-12,29,Kadın,Istanbul,Lisans,Standart,54034.04600917011,22280.41895104864,4,5.0,46.78359315408629,27
MUS_0520,2023-02-01,43,Kadın,Antalya,Lise,Standart,62307.719297776915,20804.45430496425,5,9.0,19.594696046795672,23
MUS_0521,2023-08-15,33,Kadın,Istanbul,Lise,Premium,22574.33357284354,11023.001958985731,6,5.0,20.143286957505204,29
MUS_0522,2023-04-19,68,Kadın,Bursa,Lisans,Elit,33208.87502615499,12484.640321629491,4,7.0,32.53866948908051,36
MUS_0523,2023-10-03,54,Kadın,Adana,Lise,Standart,31043.023040477812,9676.645224260286,5,3.0,26.3493109163214,17
MUS_0524,2022-10-06,39,Kadın,Antalya,Yukseklisans,Standart,44805.07292802978,4606.91811317367,7,9.0,18.722493876921742,40
MUS_0525,2023-03-07,46,Kadın,Izmir,Yukseklisans,Standart,27662.091286432445,7054.715742908489,5,3.0,49.48872078400448,16
MUS_0526,2023-09-28,31,Kadın,Istanbul,Yukseklisans,Premium,57853.571131115845,12962.134888567905,5,,15.109275499970842,75
MUS_0527,2022-06-06,45,Erkek,Istanbul,Ilkokul,Premium,37633.96168701388,14864.507583277838,9,8.0,13.876439599251428,33
MUS_0528,2022-12-21,22,Erkek,Bursa,Lisans,Standart,10150.60381849756,1550.8018349092747,3,4.0,43.22138142610517,4
MUS_0529,2023-12-03,64,Erkek,Antalya,Lise,Standart,45313.493532734894,8451.14716618006,5,6.0,0.16864717752777536,42
MUS_0530,2022-12-12,66,Erkek,Ankara,Yukseklisans,Premium,59765.00056677006,10411.99518483229,3,2.0,10.062658045245382,19
MUS_0531,2022-07-04,47,Erkek,Istanbul,Lisans,Standart,20413.856100263223,3256.5080232253367,5,8.0,29.522334413098804,99
MUS_0532,2022-09-14,63,Kadın,Istanbul,Yukseklisans,Standart,44549.82334126043,9814.16126163327,4,6.0,8.122526392233242,30
MUS_0533,2023-10-09,69,Erkek,Istanbul,Lisans,Standart,90669.81995104784,41492.30390473274,3,7.0,49.29019613617941,2
MUS_0534,2023-11-29,22,Kadın,Izmir,Lisans,Standart,38408.46617525644,15920.78496563487,7,10.0,23.20978112108155,12
MUS_0535,2023-11-25,29,Erkek,Ankara,Ortaokul,Standart,64267.82731221367,25183.444938181125,5,6.0,29.868203748027543,17
MUS_0536,2023-05-26,33,Kadın,Antalya,Lisans,Premium,29112.488375065026,11864.154138325983,3,2.0,8.018673255259657,43
MUS_0537,2023-01-08,43,Kadın,Bursa,Lise,Premium,35990.77216287666,7938.733136623988,3,8.0,14.468905043596392,31
MUS_0538,2022-05-14,43,Erkek,Istanbul,Lisans,Premium,32783.78643123388,14873.816646645824,6,,30.731239133970778,11
MUS_0539,2022-03-31,65,Kadın,Izmir,Lisans,Premium,29924.70842419192,4483.4298997120295,7,10.0,27.477668664319882,25
MUS_0540,2022-02-13,38,Erkek,Ankara,Lisans,Standart,33729.866746618536,8188.206945592215,7,4.0,39.218197272058305,20
MUS_0541,2022-01-13,56,Kadın,Izmir,Lise,Premium,16069.19090882569,5567.498077197298,4,6.0,13.461658928715808,3
MUS_0542,2023-10-04,53,Erkek,Bursa,Lisans,Standart,30778.138648571323,4581.264004173079,4,9.0,32.6771073353267,6
MUS_0543,2023-08-14,50,Kadın,Bursa,Lise,Premium,,27773.38603036777,1,8.0,14.548775287443272,10
MUS_0544,2023-02-19,47,Erkek,Antalya,Lisans,Elit,22430.00771726328,6093.584449664515,4,7.0,29.337630987306017,5
MUS_0545,2023-12-31,54,Kadın,Istanbul,Ilkokul,Standart,21310.034930755843,8555.16471056443,3,5.0,30.25154838426043,3
MUS_0546,2023-11-27,40,Kadın,Istanbul,Lise,Standart,37444.16562288212,11016.442718910017,2,6.0,6.091955567724439,1
MUS_0547,2023-04-24,27,Erkek,Bursa,Lise,Standart,38391.50813024254,6694.744874178852,6,4.0,27.431655534313304,49
MUS_0548,2022-12-06,22,Erkek,Istanbul,Lisans,Standart,43858.87445960941,17509.84013158807,2,9.0,0.5969149977091248,8
MUS_0549,2022-04-22,53,Erkek,Istanbul,Ilkokul,Standart,34307.89266063806,7023.232178949228,6,4.0,25.060537568734574,8
MUS_0550,2023-01-12,51,Erkek,Istanbul,Lise,Premium,37644.12137388104,11138.288011212875,6,7.0,34.87609443040375,5
MUS_0551,2022-04-26,69,Kadın,Izmir,Yukseklisans,Elit,30471.820368914065,3872.8069472939615,6,7.0,3.641636449499436,15
MUS_0552,2022-10-18,48,Erkek,Istanbul,Ortaokul,Standart,19189.181244420244,6896.162382672351,6,6.0,46.93554082085136,17
MUS_0553,2023-11-20,27,Erkek,Izmir,Lisans,Standart,35042.050628635516,12990.292887607333,6,6.0,22.937776599472713,5
MUS_0554,2022-09-07,36,Erkek,Adana,Lisans,Standart,52171.85740008767,12944.735734986922,5,8.0,46.920813781203094,22
MUS_0555,2022-04-22,49,Kadın,Istanbul,Yukseklisans,Premium,46982.35164102928,22453.791956191737,7,6.0,5.369921184556626,30
MUS_0556,2023-03-02,18,Erkek,Istanbul,Lisans,Standart,15182.19952245126,6717.845114263941,7,5.0,47.495129720976735,11
MUS_0557,2023-03-16,22,Erkek,Istanbul,Lisans,Standart,41190.48992601732,15648.46988267935,9,6.0,5.459854971267336,21
MUS_0558,2022-05-22,62,Erkek,Antalya,Yukseklisans,Standart,23239.652009298796,9163.943730218678,5,8.0,23.0747899225668,16
MUS_0559,2022-05-24,21,Erkek,Istanbul,Lise,Standart,72844.47752275714,14726.022637042874,4,10.0,46.89960333634328,5
MUS_0560,2023-12-24,33,Kadın,Ankara,Yukseklisans,Standart,42750.44533331395,66297.57719772177,7,8.0,11.635410019443576,31
MUS_0561,2022-06-27,41,Erkek,Istanbul,Ilkokul,Premium,56848.32186317309,10230.243538239176,5,8.0,1.7392490429367025,38
MUS_0562,2023-09-04,33,Erkek,Bursa,Yukseklisans,Standart,36701.909850339085,5832.022465086781,5,7.0,39.65553375141104,25
MUS_0563,2022-12-10,19,Kadın,Ankara,Lise,Premium,35135.68292299551,17243.999618197842,4,7.0,29.794181883450495,9
MUS_0564,2022-11-14,66,Kadın,Bursa,Lisans,Standart,76720.36436480623,26930.436461820613,9,10.0,25.696059645072033,62
MUS_0565,2022-08-04,45,Erkek,Antalya,Lise,Premium,59064.609400305366,75919.90953939845,5,7.0,1.7171692176609188,14
MUS_0566,2023-07-19,49,Kadın,Istanbul,Lisans,Premium,38519.86364759649,8285.378549975452,6,,32.661563440342256,7
MUS_0567,2023-10-05,44,Kadın,Bursa,Ortaokul,Standart,32865.10668764124,11131.04000905975,0,10.0,8.581167594228239,12
MUS_0568,2022-07-10,37,Erkek,Istanbul,Yukseklisans,Standart,15466.205576452596,1882.6042280313322,6,8.0,46.559834010234766,28
MUS_0569,2022-03-11,41,Kadın,Antalya,Yukseklisans,Standart,42714.07488219869,6003.710641005693,8,6.0,34.286347553784104,44
MUS_0570,2022-04-10,29,Kadın,Izmir,Lise,Premium,34096.43169224829,3655.9906227754727,4,,35.35169440169182,10
MUS_0571,2023-08-02,67,Erkek,Antalya,Yukseklisans,Standart,47905.1370782537,14406.18326778491,6,6.0,11.629013630564023,6
MUS_0572,2022-11-15,52,Erkek,Istanbul,Lisans,Elit,55765.4299129329,18883.9772296148,3,,44.03769190283592,23
MUS_0573,2022-04-07,50,Erkek,Istanbul,Lisans,Standart,67269.3876106096,8672.420630075216,3,7.0,26.88662853916005,60
MUS_0574,2022-09-06,50,Kadın,Ankara,Lise,Premium,42980.2701409241,16474.470911635508,7,5.0,42.854208890711526,4
MUS_0575,2023-01-11,68,Kadın,Ankara,Lise,Premium,21521.759399924264,3935.075604505536,4,8.0,13.5473737416138,38
MUS_0576,2023-09-14,60,Kadın,Istanbul,Lise,Premium,12398.654337574491,4566.181780908526,2,4.0,37.7730856549123,15
MUS_0577,2023-04-14,54,Erkek,Ankara,Lise,Standart,24044.22374639145,11662.8754440161,1,4.0,28.728345183002375,38
MUS_0578,2022-05-09,29,Kadın,Istanbul,Yukseklisans,Standart,70738.42866934133,26584.063981043728,7,7.0,2.4209652905290815,16
MUS_0579,2022-04-26,20,Kadın,Ankara,Ortaokul,Premium,90377.058331114,40860.28475657292,2,7.0,20.267116188664346,11
MUS_0580,2022-10-29,18,Erkek,Bursa,Yukseklisans,Standart,32242.786542849124,15470.985951091281,5,4.0,9.195523256173244,28
MUS_0581,2022-02-24,50,Erkek,Ankara,Lise,Standart,17492.375388050586,5356.624767692236,6,10.0,17.958679393937803,55
MUS_0582,2023-07-06,57,Kadın,Istanbul,Lisans,Standart,26259.765358541765,10017.388122992703,7,7.0,19.16758171326112,9
MUS_0583,2022-10-21,27,Erkek,Ankara,Lisans,Standart,64145.095362229054,28306.84005439683,5,,23.74641765141924,14
MUS_0584,2022-09-08,60,Kadın,Istanbul,Yukseklisans,Standart,27024.345211884804,6345.818947487005,5,6.0,30.014522136423157,6
MUS_0585,2023-01-07,61,Erkek,Adana,Lise,Standart,48754.94824974148,9946.44797082046,8,8.0,28.54888262490996,4
MUS_0586,2023-06-02,46,Erkek,Istanbul,Lisans,Standart,,18826.126898669743,5,7.0,1.9495702352497535,36
MUS_0587,2023-02-20,30,Erkek,Izmir,Lise,Premium,51792.55176137183,20362.428023792305,6,,37.53446092443609,5
MUS_0588,2023-08-09,29,Erkek,Adana,Ilkokul,Premium,90129.7429426723,16780.018581731125,3,4.0,47.45919422363841,37
MUS_0589,2023-04-05,48,Kadın,Bursa,Lise,Premium,48770.97975344708,13465.86167756888,9,7.0,17.434064449248332,13
MUS_0590,2023-07-30,63,Erkek,Izmir,Lisans,Elit,39083.59678240782,16423.12544457063,5,6.0,8.987345066912928,120
MUS_0591,2023-05-24,19,Kadın,Antalya,Lise,Standart,95242.99842179895,30761.888285322402,5,8.0,27.000078155769263,5
MUS_0592,2022-05-21,68,Kadın,Adana,Lisans,Standart,43251.018050052466,15534.348051987248,7,9.0,35.24564641220721,2
MUS_0593,2022-02-08,67,Kadın,Izmir,Lise,Standart,24429.00051786938,9842.063252277861,4,5.0,33.94524472638316,1
MUS_0594,2023-10-22,52,Erkek,Izmir,Lisans,Standart,51212.17854166309,18052.600476573483,6,9.0,30.605478875042913,43
MUS_0595,2023-11-22,40,Kadın,Izmir,Lise,Elit,45420.906383626636,14456.428346389961,4,9.0,7.311612606410428,13
MUS_0596,2023-06-15,34,Kadın,Ankara,Lisans,Standart,31133.784561837463,12552.006206102144,5,9.0,41.841244720149916,1
MUS_0597,2023-06-13,43,Erkek,Izmir,Yukseklisans,Standart,28034.94295469487,10943.331082800443,6,,21.281078120940766,49
MUS_0598,2022-07-17,25,Erkek,Ankara,Lisans,Standart,31284.256299006614,10995.314434545422,2,9.0,11.0734291515935,50
MUS_0599,2023-01-31,46,Kadın,Istanbul,Lisans,Standart,27835.162017749688,6638.405139732515,9,7.0,4.3133070531548245,39
MUS_0600,2023-12-26,43,Kadın,Istanbul,Lise,Premium,31796.77315936375,8438.357983204189,2,6.0,20.835955748652452,6
MUS_0601,2023-09-17,27,Erkek,Istanbul,Lisans,Standart,23827.64401544853,11724.78100021607,5,7.0,30.898652342365367,11
MUS_0602,2022-08-11,43,Kadın,Istanbul,Lise,Elit,44049.85519535943,6528.652042449577,5,9.0,33.26888545757539,32
MUS_0603,2022-08-08,51,Kadın,Istanbul,Lise,Standart,42429.56377020683,8702.354086587327,2,6.0,48.136845569862835,16
MUS_0604,2022-12-20,68,Kadın,Izmir,Lisans,Standart,43157.042313860766,12981.972534222197,5,4.0,7.657404183187872,4
MUS_0605,2022-10-23,58,Kadın,Istanbul,Yukseklisans,Premium,35200.491701515275,15528.034677187441,10,4.0,49.2886832598776,6
MUS_0606,2022-09-28,24,Kadın,Bursa,Ortaokul,Standart,33228.67118009777,5255.565418458278,2,9.0,32.7337940286114,86
MUS_0607,2023-04-03,21,Erkek,Istanbul,Lisans,Elit,74682.63633799028,15682.36952893843,4,8.0,22.711452885360075,3
MUS_0608,2022-01-09,70,Erkek,Istanbul,Lisans,Elit,37560.30086043711,4979.595145023777,6,7.0,44.40971129240797,31
MUS_0609,2023-07-12,67,Erkek,Bursa,Ortaokul,Premium,68314.91680981117,25993.31042869617,7,5.0,34.72398709766964,15
MUS_0610,2023-06-25,62,Kadın,Izmir,Lise,Premium,22065.972794770147,4414.878953978683,7,8.0,17.43586074285076,33
MUS_0611,2023-08-30,28,Kadın,Istanbul,Lise,Standart,48756.26188502321,12457.472561626393,3,2.0,,25
MUS_0612,2023-09-07,46,Erkek,Antalya,Lise,Elit,25150.887965149213,7045.05881448673,6,7.0,33.33077284097674,13
MUS_0613,2023-02-18,53,Kadın,Antalya,Lise,Standart,27499.525689553833,12562.048017360652,9,6.0,34.941867789710976,10
MUS_0614,2023-07-24,42,Kadın,Istanbul,Lise,Premium,29556.14872994009,7967.784765170653,6,10.0,44.81949440430131,33
MUS_0615,2022-12-26,38,Kadın,Istanbul,Lise,Elit,28644.035506301756,91729.78693141586,8,7.0,22.420810398452762,9
MUS_0616,2023-11-26,53,Erkek,Adana,Lisans,Elit,28715.653516634826,8711.319144027293,7,7.0,32.84520529798783,37
MUS_0617,2022-05-20,27,Kadın,Izmir,Lisans,Premium,66745.19208273833,32676.54844649972,4,8.0,37.23445108188902,27
MUS_0618,2023-10-31,54,Erkek,Ankara,Doktora,Standart,,13165.109686941,3,7.0,22.697002906539076,20
MUS_0619,2022-07-08,26,Erkek,Antalya,Lise,Elit,40640.7970538192,20049.251998479645,10,5.0,4.1726057868896715,11
MUS_0620,2022-03-16,41,Erkek,Istanbul,Lisans,Premium,28894.889317116875,12954.023178384701,4,7.0,38.57198845471804,5
MUS_0621,2022-11-17,52,Erkek,Ankara,Yukseklisans,Elit,55740.91140233147,6221.641823074321,3,10.0,2.390817637168091,29
MUS_0622,2023-03-25,66,Erkek,Istanbul,Lisans,Premium,43370.212612840514,15652.676258871048,10,6.0,35.89572008613691,2
MUS_0623,2022-06-18,52,Kadın,Bursa,Lise,Standart,31117.812326358973,6972.701885889846,12,8.0,45.54376042622765,84
MUS_0624,2023-02-10,65,Erkek,Izmir,Lisans,Standart,16446.336951662648,5486.91394959617,2,10.0,17.348449918500926,92
MUS_0625,2023-08-13,53,Kadın,Izmir,Lise,Standart,40463.201260306145,8888.885818316614,3,9.0,5.103089256891341,3
MUS_0626,2022-07-07,35,Erkek,Istanbul,Lise,Premium,48428.30623252533,11694.62312539621,2,8.0,11.643199489542056,2
MUS_0627,2023-02-28,66,Kadın,Istanbul,Lisans,Standart,22260.655700412794,10243.69269303979,8,8.0,28.11407820626962,12
MUS_0628,2022-09-05,56,Kadın,Ankara,Lisans,Standart,31329.101051938946,5767.203665161126,3,10.0,47.13298715530432,79
MUS_0629,2023-01-22,49,Erkek,Bursa,Ilkokul,Standart,47504.525099146565,21600.50843226863,7,10.0,,12
MUS_0630,2023-05-02,41,Erkek,Ankara,Yukseklisans,Premium,16556.53176359277,1830.81640253748,5,10.0,5.636864409834813,10
MUS_0631,2022-09-13,40,Erkek,Istanbul,Lisans,Standart,26254.00711304188,3522.463321509193,6,7.0,31.3891586858169,29
MUS_0632,2023-12-27,49,Kadın,Antalya,Lisans,Standart,43846.68826667859,19471.307550815254,2,6.0,36.64224683939707,4
MUS_0633,2023-02-16,54,Kadın,Istanbul,Yukseklisans,Standart,63102.093118284254,22114.070210210495,4,4.0,19.66418349963955,10
MUS_0634,2023-08-25,29,Erkek,Adana,Lise,Standart,108324.85479341092,43269.28403577317,9,6.0,36.07570321727073,8
MUS_0635,2023-06-14,66,Kadın,Istanbul,Doktora,Standart,96696.00663762483,17782.241951827156,7,10.0,16.24114075695949,22
MUS_0636,2023-09-15,30,Erkek,Izmir,Lisans,Standart,39022.1511140865,12187.392925224078,4,9.0,39.45450757982067,4
MUS_0637,2022-05-07,40,Erkek,Istanbul,Ortaokul,Standart,28506.475736158158,11453.003783575201,3,7.0,17.05360797850345,19
MUS_0638,2022-06-12,42,Kadın,Antalya,Lisans,Elit,57616.319654269566,20348.242289867325,1,7.0,12.805354580031297,46
MUS_0639,2022-12-22,52,Erkek,Ankara,Lisans,Premium,27672.752343312844,7917.822380204559,5,6.0,43.95907029457875,17
MUS_0640,2023-09-15,58,Kadın,Istanbul,Lisans,Standart,24808.76649833792,12002.305135495337,2,7.0,27.42367105876981,27
MUS_0641,2022-05-25,47,Erkek,Istanbul,Doktora,Elit,31174.850462276325,11494.871430011131,7,8.0,14.257814437084237,1
MUS_0642,2023-12-10,34,Kadın,Istanbul,Lisans,Standart,29280.09902033131,13431.893700923913,6,6.0,46.75434448235337,14
MUS_0643,2022-04-04,66,Erkek,Istanbul,Lisans,Premium,44636.862564546,17153.898733482325,4,5.0,34.54255877330246,2
MUS_0644,2022-05-08,37,Erkek,Adana,Yukseklisans,Premium,26870.899819442777,10495.351152193954,6,,11.03501998277836,21
MUS_0645,2022-05-03,65,Kadın,Ankara,Lisans,Standart,37894.491164619525,4877.544263335037,4,5.0,30.73211772963903,7
MUS_0646,2023-03-04,42,Erkek,Bursa,Lise,Standart,80617.959455544,19676.495811250945,4,10.0,43.51794156445123,8
MUS_0647,2023-11-01,39,Kadın,Izmir,Yukseklisans,Standart,38602.424217267835,17202.43817135914,5,6.0,34.80765712700287,1
MUS_0648,2022-07-06,30,Kadın,Izmir,Lise,Standart,77526.19390134385,14805.339303832174,4,9.0,12.237957538006523,8
MUS_0649,2023-02-08,36,Kadın,Istanbul,Lisans,Premium,66239.23900439804,9759.031642684475,6,5.0,32.44241643472574,16
MUS_0650,2022-05-09,66,Kadın,Istanbul,Yukseklisans,Standart,48826.0918664189,11060.35374192509,9,5.0,30.95796863601004,21
MUS_0651,2023-04-06,53,Kadın,Bursa,Lisans,Standart,30422.069823408787,5699.619169584248,4,7.0,41.04218317893443,1
MUS_0652,2022-03-31,29,Kadın,Adana,Lisans,Standart,61099.19614404626,28603.18175564745,3,,8.90662984983499,25
MUS_0653,2022-12-25,58,Kadın,Istanbul,Lisans,Standart,32048.720536084646,14480.994918892326,6,7.0,34.981733350068,16
MUS_0654,2023-04-24,36,Kadın,Istanbul,Lisans,Standart,36279.03018534266,10902.46683635039,5,5.0,1.3685346066851012,18
MUS_0655,2023-02-27,29,Erkek,Ankara,Yukseklisans,Standart,42834.50880036347,5312.471187441046,6,2.0,34.80876503178838,42
MUS_0656,2022-04-13,26,Erkek,Adana,Lise,Premium,36218.17210841635,13848.82407201694,2,,,10
MUS_0657,2022-04-28,24,Kadın,Istanbul,Ortaokul,Standart,25333.075192906,85436.61662824324,3,4.0,8.719413312480873,4
MUS_0658,2023-05-06,45,Erkek,Ankara,Lise,Standart,16923.365880915597,94687.87541385232,1,6.0,15.564988640950444,19
MUS_0659,2023-08-14,31,Erkek,Antalya,Lisans,Premium,58663.116256322995,18882.070367819615,5,8.0,29.14357860142756,69
MUS_0660,2023-10-25,48,Erkek,Istanbul,Lisans,Standart,48299.238013740156,11424.829390079469,7,3.0,36.619752292862785,17
MUS_0661,2023-08-17,69,Erkek,Istanbul,Yukseklisans,Premium,15362.64978322386,4703.1551182820795,3,4.0,17.21856952022672,42
MUS_0662,2023-12-12,36,Kadın,Izmir,Lise,Premium,24999.380542205545,12382.49338626905,3,3.0,33.21294885700688,33
MUS_0663,2022-10-26,64,Kadın,Antalya,Lisans,Standart,39716.9256510739,15202.037723292173,8,10.0,44.963939626816654,17
MUS_0664,2022-08-30,33,Erkek,Istanbul,Ilkokul,Standart,45310.14223370967,16639.152279560185,3,6.0,36.3279393612131,25
MUS_0665,2022-01-21,70,Kadın,Ankara,Lise,Standart,16996.67763182093,3477.9374054651407,1,9.0,35.551135880112206,12
MUS_0666,2022-11-25,22,Kadın,Ankara,Lisans,Standart,34730.74743204867,14354.751129499376,5,6.0,19.098532920830795,18
MUS_0667,2023-04-21,52,Erkek,Ankara,Ilkokul,Standart,47563.80242286066,19144.20066529783,12,8.0,45.57146544191004,16
MUS_0668,2023-08-19,29,Kadın,Izmir,Lise,Standart,30462.268519902987,7235.080033785766,4,5.0,13.866147098053888,29
MUS_0669,2022-07-15,42,Erkek,Ankara,Lise,Standart,41270.97817128238,12208.644224247351,6,,10.264017830985035,12
MUS_0670,2023-01-10,69,Erkek,Ankara,Ilkokul,Standart,28459.123085033407,6013.180989429246,3,9.0,18.21119668632519,2
MUS_0671,2023-04-29,38,Kadın,Ankara,Lisans,Premium,57216.53310206866,11697.674997610484,6,9.0,,37
MUS_0672,2023-02-07,53,Erkek,Izmir,Lise,Standart,24351.704914125425,2621.3391166309266,8,8.0,43.08389930972534,27
MUS_0673,2022-07-20,70,Kadın,Ankara,Lisans,Standart,20516.01091335883,4272.975858242718,7,9.0,6.6039391173658535,71
MUS_0674,2023-08-05,40,Kadın,Antalya,Yukseklisans,Standart,36844.566293782,11834.252604519019,5,5.0,40.69010886300815,13
MUS_0675,2022-05-07,33,Erkek,Istanbul,Lisans,Premium,17733.965133497062,1753.8046592706226,3,7.0,40.64116973344976,1
MUS_0676,2023-10-23,56,Kadın,Antalya,Doktora,Standart,12675.729815939672,2491.5914344711223,5,7.0,29.345967829504303,3
MUS_0677,2023-11-27,62,Kadın,Antalya,Lisans,Premium,62434.14804763167,28797.14839329994,11,9.0,38.03239697890128,35
MUS_0678,2022-09-24,70,Erkek,Istanbul,Lisans,Standart,22200.89226610525,7653.474722262697,3,6.0,9.094034907579369,1
MUS_0679,2022-10-02,59,Kadın,Ankara,Doktora,Premium,18642.034116512914,6445.801262690725,16,10.0,8.47930004103567,57
MUS_0680,2023-06-27,56,Kadın,Ankara,Lise,Standart,24200.30732695753,6342.622813490902,5,7.0,43.14000170643635,7
MUS_0681,2022-11-30,31,Kadın,Istanbul,Yukseklisans,Standart,23663.159927388588,9009.773123816953,0,,24.907421861728345,54
MUS_0682,2022-01-21,48,Kadın,Ankara,Ilkokul,Standart,33824.621716143054,6367.337831773216,5,5.0,12.296860712642454,35
MUS_0683,2023-11-03,22,Erkek,Istanbul,Lise,Standart,21020.56731067754,9123.282780703645,5,6.0,34.43651788031619,49
MUS_0684,2022-11-11,52,Kadın,Istanbul,Ortaokul,Standart,46587.757505690184,6857.528060776323,3,8.0,44.59375834671105,5
MUS_0685,2022-05-29,40,Kadın,Bursa,Lisans,Standart,50167.21805533782,18475.155821321117,1,7.0,31.61613229721249,21
MUS_0686,2023-02-10,46,Kadın,Istanbul,Lisans,Premium,19196.90360989087,4567.766499312143,4,10.0,17.367252147000862,2
MUS_0687,2022-06-09,60,Kadın,Bursa,Lisans,Elit,26660.855660915255,10724.882693361105,5,8.0,24.161888264650727,5
MUS_0688,2022-05-31,28,Kadın,Ankara,Lise,Standart,27958.355542738547,9144.242853916025,2,7.0,37.61347304726698,8
MUS_0689,2023-02-03,35,Erkek,Antalya,Lise,Standart,33439.60715313987,9317.268048242111,4,9.0,3.375061443619376,32
MUS_0690,2022-10-13,64,Kadın,Izmir,Ilkokul,Standart,62401.32315200978,10053.838260603978,7,8.0,10.858225797822113,1
MUS_0691,2023-02-23,29,Kadın,Istanbul,Lise,Premium,64225.570675264185,22695.629807228386,4,,23.12915933247236,56
MUS_0692,2023-12-29,26,Kadın,Izmir,Yukseklisans,Standart,126681.79790983099,62217.01850197193,6,,30.212048204854934,1
MUS_0693,2023-09-20,27,Kadın,Istanbul,Lise,Elit,11676.260417973524,5164.120457815051,6,6.0,16.958279552116224,11
MUS_0694,2022-01-06,61,Erkek,Ankara,Yukseklisans,Standart,22876.19521063917,3105.257194107983,7,8.0,14.919546093494034,2
MUS_0695,2022-02-06,34,Erkek,Antalya,Yukseklisans,Standart,89949.58183770716,22452.262080456672,8,9.0,2.0692097849860644,35
MUS_0696,2023-03-22,55,Erkek,Istanbul,Lise,Premium,14759.612451135055,7256.644896504375,4,6.0,1.630088602572377,3
MUS_0697,2023-04-03,24,Erkek,Ankara,Lisans,Premium,88932.46425702168,26825.02803152578,6,5.0,13.93474271514128,51
MUS_0698,2023-10-04,63,Kadın,Izmir,Ortaokul,Standart,39092.09832091695,14383.428702178502,5,7.0,26.52530500447715,18
MUS_0699,2023-04-05,30,Kadın,Antalya,Ortaokul,Standart,39817.68289754066,18697.527383517372,6,3.0,27.818574822270577,71
MUS_0700,2022-06-16,57,Kadın,Izmir,Ilkokul,Elit,19150.8237038623,8332.304472848318,4,8.0,24.701374643343442,8
MUS_0701,2022-12-09,59,Erkek,Istanbul,Lisans,Standart,28981.656953456684,8514.62064728824,2,8.0,20.494034200141716,14
MUS_0702,2023-08-14,26,Kadın,Izmir,Lise,Premium,87002.15607970237,23723.066277165333,2,6.0,12.61457946306604,28
MUS_0703,2023-11-05,67,Erkek,Istanbul,Lisans,Standart,35459.92385863889,8578.625577484785,10,9.0,20.034721579639108,42
MUS_0704,2022-06-22,44,Erkek,Izmir,Lisans,Premium,29078.387682214092,11209.917893609665,2,7.0,6.937998269275675,13
MUS_0705,2023-01-29,19,Kadın,Adana,Lise,Premium,44482.876581926306,9960.20340547145,4,8.0,5.76296145130184,53
MUS_0706,2022-04-27,22,Kadın,Izmir,Lisans,Standart,32987.73813884561,6596.739778897193,8,5.0,14.99716284068957,3
MUS_0707,2022-12-29,46,Erkek,Antalya,Lisans,Premium,43155.949862768866,10171.041252715557,3,6.0,49.76743982136098,29
MUS_0708,2022-03-07,54,Erkek,Istanbul,Ilkokul,Standart,23745.049221935726,3923.2135194345583,12,9.0,16.324847375819925,10
MUS_0709,2023-11-19,55,Erkek,Izmir,Lise,Standart,34941.261077513285,13232.94656804081,2,5.0,46.822819517755256,2
MUS_0710,2023-04-11,36,Erkek,Bursa,Lisans,Standart,26356.280304032265,9235.390518640512,3,6.0,19.6131072883847,11
MUS_0711,2023-09-16,25,Kadın,Istanbul,Lise,Standart,14735.527293759966,4122.773111373448,7,6.0,21.950499559980468,50
MUS_0712,2023-12-30,65,Erkek,Antalya,Lisans,Premium,46211.26569812137,11949.802041886182,3,4.0,39.853144160111476,94
MUS_0713,2022-05-14,62,Kadın,Istanbul,Lise,Standart,19596.64347390842,9252.602718252767,6,,4.681916372372835,11
MUS_0714,2023-05-22,18,Erkek,Izmir,Lise,Standart,33444.06212824075,3605.8237627470744,4,5.0,9.115666179681975,52
MUS_0715,2023-10-10,39,Erkek,Bursa,Lise,Standart,57701.250396653246,23915.34787812501,4,9.0,48.69201324876074,17
MUS_0716,2023-02-25,69,Erkek,Izmir,Lise,Standart,17172.993298168032,7806.162337625599,0,8.0,25.295866998034732,30
MUS_0717,2023-04-12,34,Erkek,Istanbul,Lisans,Standart,49135.744778166496,13486.384741147416,9,6.0,2.2154841104315146,1
MUS_0718,2022-10-25,24,Erkek,Izmir,Lise,Premium,31259.958347334414,9705.976062046346,5,8.0,2.3690366528025253,19
MUS_0719,2023-05-08,42,Erkek,Ankara,Lisans,Elit,22398.254249962043,88550.37193049426,1,2.0,45.362034188869636,1
MUS_0720,2022-10-16,62,Kadın,Antalya,Yukseklisans,Premium,99853.72503354934,18468.629335674046,5,7.0,43.66825447793588,7
MUS_0721,2022-12-14,21,Erkek,Ankara,Lisans,Standart,36305.40299892722,11088.165207043305,3,5.0,22.919955347255005,20
MUS_0722,2022-03-17,53,Kadın,Istanbul,Lisans,Standart,27335.82946261347,7629.513568565572,3,4.0,8.161104297229937,39
MUS_0723,2022-01-06,23,Erkek,Bursa,Lise,Standart,24585.04324433414,4921.691908484443,7,,41.514230318123985,19
MUS_0724,2022-02-10,48,Kadın,Ankara,Lise,Standart,56420.126926093144,24592.35535354108,9,5.0,16.230005363982524,66
MUS_0725,2022-05-21,36,Kadın,Izmir,Lisans,Standart,26741.498447627695,11867.919507348955,5,9.0,,39
MUS_0726,2022-11-30,61,Kadın,Izmir,Lise,Standart,53011.2295965123,21755.274285903088,5,6.0,34.1238189524659,4
MUS_0727,2022-01-16,56,Kadın,Antalya,Lisans,Standart,36270.50242137638,6819.91410114489,4,1.0,17.669917670382723,11
MUS_0728,2022-04-24,44,Erkek,Izmir,Lise,Elit,63455.49241097569,8797.214803199638,2,8.0,31.43349633491465,26
MUS_0729,2023-07-25,27,Kadın,Ankara,Lisans,Standart,21562.91621384638,7264.225971238159,6,7.0,44.264135522129216,66
MUS_0730,2023-07-11,43,Erkek,Istanbul,Yukseklisans,Standart,,2880.7741288608663,8,6.0,39.86866343872387,105
MUS_0731,2023-07-31,36,Kadın,Istanbul,Yukseklisans,Standart,31555.31583452247,11740.612430428555,6,,19.08055369335802,34
MUS_0732,2023-11-04,56,Erkek,Istanbul,Lisans,Standart,32891.408118614796,10294.46833093549,4,3.0,14.39682773518674,20
MUS_0733,2022-03-28,20,Erkek,Istanbul,Lisans,Premium,30415.921554903798,11462.177739348497,7,10.0,14.27552243697795,33
MUS_0734,2022-04-30,62,Kadın,Izmir,Lisans,Standart,135363.65854235855,45559.38672972885,7,7.0,17.429557518829153,7
MUS_0735,2022-09-01,30,Kadın,Bursa,Lisans,Standart,101887.39401395121,27643.067960437595,5,3.0,,8
MUS_0736,2023-10-31,67,Kadın,Ankara,Ortaokul,Standart,42172.66483474585,7642.1966336947935,6,9.0,20.829874034697156,25
MUS_0737,2023-07-21,45,Kadın,Bursa,Lise,Standart,44733.862181692624,9537.00334042216,5,5.0,6.6502010493828925,49
MUS_0738,2022-08-25,37,Kadın,Adana,Lisans,Standart,32266.470658995786,9757.6774706935,5,5.0,8.172792916695414,84
MUS_0739,2022-03-05,45,Erkek,Bursa,Doktora,Premium,21484.504497842954,7553.50007591201,8,6.0,17.14648046990917,10
MUS_0740,2023-03-26,25,Erkek,Izmir,Lise,Premium,33155.49951432069,13603.35229507135,7,7.0,28.103205002942865,38
MUS_0741,2022-07-07,58,Erkek,Ankara,Lisans,Premium,53399.61823316302,22142.294065055674,4,3.0,29.633197506674737,45
MUS_0742,2023-01-23,56,Erkek,Ankara,Lisans,Standart,69759.81319700192,34190.29762376323,3,7.0,24.3103532448315,23
MUS_0743,2023-11-19,18,Kadın,Istanbul,Lisans,Premium,59745.80214041044,12784.55324777703,6,9.0,36.93879406037573,10
MUS_0744,2023-02-23,20,Erkek,Ankara,Lisans,Standart,17070.598102897333,2440.3323378104546,4,5.0,36.862439437836834,23
MUS_0745,2023-11-06,30,Kadın,Antalya,Lise,Standart,31425.852492140944,7197.23406180332,8,6.0,21.381373584369427,21
MUS_0746,2022-10-14,45,Erkek,Bursa,Lisans,Premium,17423.344388932244,6824.665654551478,4,6.0,6.222040538047214,22
MUS_0747,2023-04-08,66,Kadın,Istanbul,Yukseklisans,Standart,65148.31890075575,17804.26118154906,4,7.0,26.50873848835616,23
MUS_0748,2023-10-15,42,Kadın,Ankara,Lisans,Standart,29549.077456474235,12700.473528939156,12,,19.07345319969163,45
MUS_0749,2023-03-06,50,Erkek,Bursa,Lise,Premium,35470.084930066165,11520.036882466407,3,6.0,6.896149488185166,4
MUS_0750,2023-03-25,55,Erkek,Istanbul,Lisans,Standart,46167.21227037719,21881.375067812005,4,3.0,49.09086049824196,10
MUS_0751,2023-06-07,70,Erkek,Ankara,Yukseklisans,Standart,144794.382009761,69475.02202317992,4,6.0,18.487769464005112,21
MUS_0752,2023-10-06,23,Erkek,Antalya,Ortaokul,Standart,41528.5935385179,5231.884994344355,4,5.0,31.289891981061547,7
MUS_0753,2022-03-06,61,Erkek,Ankara,Lisans,Premium,32236.81756859647,9173.160445228888,3,8.0,24.50644306682983,91
MUS_0754,2022-09-03,62,Erkek,Istanbul,Yukseklisans,Elit,19525.546018212546,6546.391756556876,3,2.0,7.141413960838305,7
MUS_0755,2022-10-18,49,Erkek,Ankara,Lisans,Premium,75306.34884554,15372.993398915225,6,6.0,2.7771811686285286,15
MUS_0756,2023-10-27,62,Kadın,Antalya,Doktora,Standart,33162.72449116865,8616.061880703148,6,7.0,31.288470754097947,50
MUS_0757,2023-11-29,64,Kadın,Izmir,Lisans,Standart,83164.11573115035,30635.624106805593,5,5.0,12.351093517394279,2
MUS_0758,2022-03-29,38,Kadın,Istanbul,Lisans,Standart,63120.85849809293,12044.313358066098,6,7.0,12.18269998068575,41
MUS_0759,2022-03-28,33,Erkek,Ankara,Lisans,Standart,28811.271143022826,9436.043074869616,4,4.0,47.84880948551553,20
MUS_0760,2023-11-14,38,Kadın,Ankara,Lise,Standart,18103.524274021565,7155.731916615814,6,10.0,23.088665215564568,1
MUS_0761,2022-08-04,28,Erkek,Izmir,Lise,Standart,41617.854904467895,5827.710227660078,5,6.0,1.471303325034462,55
MUS_0762,2022-06-26,54,Erkek,Bursa,Lisans,Standart,26703.454969246937,8052.040141541979,4,9.0,16.992135757490338,1
MUS_0763,2022-01-27,53,Kadın,Istanbul,Lise,Elit,37037.00849142612,7276.442820954419,3,6.0,29.224577112611332,17
MUS_0764,2022-07-21,52,Erkek,Antalya,Lise,Standart,61360.69750677132,23775.572541433798,3,8.0,16.42837092585604,1
MUS_0765,2023-05-22,36,Kadın,Istanbul,Yukseklisans,Standart,15886.245361077525,2801.266350346788,5,5.0,1.3425977017071156,1
MUS_0766,2022-11-08,37,Kadın,Ankara,Yukseklisans,Standart,41452.64299721893,18886.891258070413,2,8.0,22.21556327333677,52
MUS_0767,2023-01-13,35,Erkek,Istanbul,Lisans,Elit,53092.879141607926,14123.541439827508,3,6.0,5.295316808738892,34
MUS_0768,2023-11-01,64,Erkek,Ankara,Yukseklisans,Premium,,9484.634770056973,3,7.0,30.958001233135217,5
MUS_0769,2022-03-25,58,Erkek,Ankara,Lisans,Premium,18365.49505641343,4997.725480447949,3,8.0,30.979355011134402,23
MUS_0770,2022-02-22,66,Kadın,Ankara,Lise,Elit,44786.77773007302,11544.54631467423,8,7.0,1.8879569799200357,37
MUS_0771,2023-09-14,31,Erkek,Istanbul,Lise,Standart,66288.27354702243,18276.023746048217,3,7.0,14.533313079968863,52
MUS_0772,2023-07-20,32,Erkek,Izmir,Lisans,Standart,43114.597127286164,14508.86308959978,4,3.0,20.68431318695019,15
MUS_0773,2022-07-12,48,Erkek,Istanbul,Lisans,Standart,34274.36223439268,10411.902215485186,9,5.0,27.513204892958896,54
MUS_0774,2022-08-25,18,Kadın,Bursa,Lise,Standart,64203.08042897638,10500.600301192933,5,7.0,14.803171485409756,17
MUS_0775,2022-08-15,70,Erkek,Adana,Lisans,Standart,25663.899502907294,3433.1371599843196,5,1.0,14.387325627569908,27
MUS_0776,2023-04-18,20,Erkek,Istanbul,Ortaokul,Standart,16900.247502095997,6678.737067619362,4,5.0,49.15075781251297,92
MUS_0777,2022-02-14,33,Kadın,Ankara,Lisans,Elit,32849.805154803274,10631.70675358401,4,5.0,2.093139786044995,6
MUS_0778,2022-12-24,40,Kadın,Ankara,Yukseklisans,Elit,47454.308267145454,11500.189311698728,1,5.0,49.45227070455759,4
MUS_0779,2022-04-08,28,Erkek,Istanbul,Lisans,Premium,61051.214979089964,25737.624636896246,2,7.0,2.3875970539198264,10
MUS_0780,2023-08-22,29,Erkek,Ankara,Doktora,Premium,47346.6471927524,11816.613403830197,7,7.0,14.417071389734293,4
MUS_0781,2022-10-05,27,Erkek,Bursa,Yukseklisans,Premium,55155.43307649597,23381.928750946565,4,9.0,24.684542748467504,8
MUS_0782,2023-01-21,49,Kadın,Izmir,Yukseklisans,Standart,61246.11605515498,13511.05906984032,5,6.0,7.16491715071626,32
MUS_0783,2022-01-22,33,Erkek,Istanbul,Yukseklisans,Standart,30647.657065217285,3963.4209076557945,6,,6.742318125936192,15
MUS_0784,2022-02-12,25,Kadın,Antalya,Yukseklisans,Premium,33726.2029237494,15772.328948250783,6,8.0,12.815635663047292,11
MUS_0785,2023-05-08,55,Kadın,Ankara,Lisans,Premium,69118.92817117511,17768.38317965775,6,9.0,48.67535917867848,11
MUS_0786,2023-07-14,29,Kadın,Antalya,Ilkokul,Standart,19829.41039089889,8840.547060202969,5,,19.005842943728208,5
MUS_0787,2023-06-03,41,Erkek,Izmir,Lisans,Elit,45006.69028767455,9380.81086784146,7,8.0,28.29974191345959,14
MUS_0788,2023-06-23,45,Kadın,Izmir,Lisans,Standart,25378.194131901244,9388.970286323338,7,6.0,35.21457011908232,23
MUS_0789,2022-03-18,70,Kadın,Istanbul,Lise,Standart,62952.188314936335,28280.389948383654,5,5.0,37.11109177621052,3
MUS_0790,2023-05-22,25,Kadın,Istanbul,Lise,Premium,35991.290575569335,4334.645593765356,3,5.0,34.40204831726774,86
MUS_0791,2022-05-13,45,Erkek,Adana,Doktora,Standart,36453.65357579117,16006.164774070003,10,10.0,16.846409659586243,14
MUS_0792,2022-03-13,53,Kadın,Istanbul,Yukseklisans,Standart,86201.24879245902,28374.42575809848,3,10.0,5.586391367803123,70
MUS_0793,2023-07-07,43,Erkek,Adana,Yukseklisans,Standart,21204.710095003684,7202.634551238163,8,8.0,14.085823766660543,3
MUS_0794,2023-10-12,25,Erkek,Ankara,Lise,Premium,40453.55223722774,12473.576833637668,4,,10.514761338475331,34
MUS_0795,2023-06-08,67,Erkek,Istanbul,Ilkokul,Standart,33187.777331400495,14897.046040663174,3,9.0,6.813865243465838,23
MUS_0796,2023-08-12,45,Kadın,Istanbul,Ortaokul,Premium,47391.85502591325,5935.414561734421,7,7.0,1.2248365875809353,41
MUS_0797,2023-12-25,45,Erkek,Istanbul,Lise,Standart,95288.59362548178,19181.245537425133,5,7.0,46.786292452920705,22
MUS_0798,2022-04-09,54,Erkek,Antalya,Ilkokul,Standart,26832.77172556334,11728.78629740078,7,6.0,46.05171932726691,79
MUS_0799,2023-12-06,58,Erkek,Ankara,Ilkokul,Elit,19956.31959474705,7660.441890220034,10,6.0,2.520850281508463,23
MUS_0800,2023-03-15,53,Erkek,Ankara,Yukseklisans,Standart,24229.74494057481,2415.2032995682794,2,2.0,8.65422864102009,36
MUS_0801,2023-08-17,44,Kadın,Istanbul,Lisans,Elit,32324.83046388409,10057.35584323475,6,7.0,6.975023573139683,50
MUS_0802,2023-04-20,34,Kadın,Istanbul,Lise,Standart,37500.72019040912,11846.098645478107,3,8.0,14.061146721075868,30
MUS_0803,2023-02-21,26,Erkek,Ankara,Ortaokul,Elit,38455.78419782001,9890.572642396755,6,6.0,10.203443523937056,17
MUS_0804,2023-05-29,50,Erkek,Istanbul,Lisans,Standart,89440.64282536987,19577.986293646234,5,9.0,47.29267686989275,7
MUS_0805,2022-08-22,70,Kadın,Antalya,Ilkokul,Standart,81831.66270478646,30274.57775002659,3,6.0,4.208521828010192,46
MUS_0806,2023-11-06,37,Erkek,Ankara,Yukseklisans,Standart,69666.38815763012,12552.332826112028,6,4.0,10.583541350225161,15
MUS_0807,2022-03-26,30,Erkek,Ankara,Lise,Standart,127671.94436433984,53684.49435095157,4,9.0,,23
MUS_0808,2022-08-21,45,Kadın,Ankara,Lise,Premium,54833.09578553167,23306.051813056514,6,8.0,49.01926743222182,1
MUS_0809,2022-01-23,65,Kadın,Ankara,Lise,Standart,63207.45561420024,16724.42935000321,3,5.0,45.920675454850254,16
MUS_0810,2022-07-18,46,Erkek,Adana,Ortaokul,Standart,,11916.891445252659,3,7.0,,28
MUS_0811,2022-06-09,30,Kadın,Ankara,Lisans,Standart,50033.729996342976,10877.887785216546,5,6.0,,21
MUS_0812,2022-02-06,63,Erkek,Istanbul,Lisans,Standart,,13274.55751237829,7,10.0,9.508906776199627,14
MUS_0813,2022-12-25,52,Kadın,Izmir,Lisans,Premium,29779.379727902968,11489.199550219788,4,7.0,11.074486251007121,6
MUS_0814,2022-12-09,23,Erkek,Istanbul,Ortaokul,Standart,19469.62574570463,5045.915465897533,9,4.0,22.152000427800573,8
MUS_0815,2022-02-26,35,Erkek,Istanbul,Lisans,Premium,34018.95048452952,12139.017321465704,3,7.0,38.41113356682408,28
MUS_0816,2022-07-11,68,Erkek,Adana,Lisans,Premium,48189.03814691692,12109.02361266752,8,,13.236474799947946,6
MUS_0817,2023-11-27,22,Kadın,Bursa,Yukseklisans,Premium,37651.608339151375,8320.6421654884,4,8.0,15.539595626732334,23
MUS_0818,2022-03-22,64,Kadın,Adana,Lise,Standart,21318.53482611167,2154.297164454342,5,9.0,29.99721457022353,21
MUS_0819,2022-08-11,42,Erkek,Ankara,Lise,Premium,33424.96901631509,71025.5179038266,8,5.0,11.886468113912679,84
MUS_0820,2022-01-27,19,Erkek,Ankara,Lisans,Elit,32565.17014370951,5989.629420740237,5,9.0,29.210931064640178,1
MUS_0821,2022-04-19,27,Kadın,Istanbul,Lisans,Premium,35200.75038151369,9080.10431385779,5,8.0,19.35654466361423,2
MUS_0822,2023-05-26,47,Erkek,Istanbul,Lisans,Standart,46418.700009155575,20502.592299601896,4,8.0,1.7184102950674018,16
MUS_0823,2022-09-25,67,Erkek,Antalya,Lise,Premium,51695.65520903632,21526.99205797123,5,6.0,20.135064311598192,17
MUS_0824,2022-11-27,62,Kadın,Ankara,Lisans,Premium,28281.814347521286,5899.381288317625,6,9.0,45.976263975957245,1
MUS_0825,2022-04-25,22,Erkek,Bursa,Yukseklisans,Premium,59311.62447412583,11785.76784686003,5,8.0,14.65559395667303,41
MUS_0826,2023-05-13,50,Kadın,Izmir,Lisans,Standart,63947.586113856356,12115.412818743063,6,9.0,16.14161947182345,16
MUS_0827,2023-07-03,18,Kadın,Istanbul,Yukseklisans,Standart,42623.07134501088,10033.514660888688,7,6.0,3.297044402964344,10
MUS_0828,2022-05-13,35,Erkek,Ankara,Lisans,Premium,50633.82630494393,15048.08312460987,4,4.0,30.752372428464714,9
MUS_0829,2022-02-02,49,Erkek,Izmir,Yukseklisans,Standart,59403.9333535099,16301.681818334253,6,6.0,42.46211821491694,47
MUS_0830,2022-03-01,64,Erkek,Istanbul,Yukseklisans,Premium,20976.911829899596,3767.397646364934,3,7.0,17.64614465465508,5
MUS_0831,2023-04-25,66,Kadın,Antalya,Lise,Standart,61535.262747901244,9381.291927432574,4,7.0,12.012277875999422,4
MUS_0832,2022-04-09,28,Kadın,Ankara,Yukseklisans,Standart,24464.28465331531,2449.4021662308874,7,7.0,47.83059270819293,5
MUS_0833,2022-12-27,38,Kadın,Istanbul,Ortaokul,Standart,25684.65938793688,3917.050100971243,6,7.0,37.253630729574425,23
MUS_0834,2022-04-22,43,Erkek,Izmir,Yukseklisans,Standart,,15427.4842621188,2,,28.35817796416323,39
MUS_0835,2022-05-05,42,Kadın,Adana,Lisans,Elit,12431.389163157684,2580.10350484883,7,4.0,15.276558317244204,9
MUS_0836,2022-01-04,39,Kadın,Istanbul,Ortaokul,Premium,39648.5697333251,11618.953298767352,8,6.0,11.039900898820044,4
MUS_0837,2022-08-23,44,Kadın,Bursa,Lisans,Premium,59331.193388983826,19761.28099113489,3,9.0,35.78720195002336,5
MUS_0838,2022-03-07,66,Kadın,Istanbul,Doktora,Standart,15947.192545703168,7155.582847172468,7,7.0,26.089440856867206,23
MUS_0839,2022-10-15,30,Kadın,Bursa,Ortaokul,Premium,62599.004992491034,28562.57747703936,6,7.0,26.029990840149054,6
MUS_0840,2023-03-13,50,Kadın,Bursa,Lisans,Premium,25606.619998674083,10098.54215993335,9,,3.68549093361219,50
MUS_0841,2022-09-26,51,Kadın,Istanbul,Lisans,Standart,40272.772137275155,4707.807422409597,5,7.0,,2
MUS_0842,2023-05-30,58,Erkek,Istanbul,Yukseklisans,Standart,27534.987466089788,9186.908036760127,6,5.0,41.137201551974684,1
MUS_0843,2023-06-26,52,Erkek,Bursa,Lise,Premium,48361.496152702406,20148.15008586734,4,7.0,47.33996388978795,2
MUS_0844,2023-05-24,18,Kadın,Ankara,Lise,Premium,60625.67596294558,6773.7408028980335,4,10.0,5.334119874086757,44
MUS_0845,2023-11-15,38,Erkek,Bursa,Ilkokul,Elit,50186.69256500848,16182.2257567118,6,7.0,31.55826053495354,25
MUS_0846,2022-06-23,65,Kadın,Istanbul,Lisans,Standart,36243.28585204132,16090.383259242464,4,2.0,28.417362539912343,75
MUS_0847,2022-05-19,23,Kadın,Antalya,Lisans,Premium,28626.047432151205,8252.565050192647,5,8.0,44.51562454740709,9
MUS_0848,2023-03-22,45,Kadın,Izmir,Yukseklisans,Standart,35078.68588671189,3540.711847686507,2,6.0,37.56220150924358,5
MUS_0849,2023-03-11,34,Erkek,Antalya,Ortaokul,Standart,50412.06107530616,5050.446513986152,4,4.0,48.26309345826566,19
MUS_0850,2023-01-08,22,Erkek,Istanbul,Lisans,Standart,51283.954250275245,13321.95078033462,5,9.0,48.00162687909981,18
MUS_0851,2022-01-04,48,Erkek,Izmir,Ilkokul,Standart,47830.23697019516,7841.415440556745,6,5.0,11.28425466726104,21
MUS_0852,2023-02-10,22,Kadın,Izmir,Lise,Standart,19124.22680195401,7239.991293691561,5,9.0,36.26754359502111,10
MUS_0853,2023-11-12,55,Kadın,Ankara,Lisans,Standart,35899.863447642405,13702.282088871792,8,7.0,,1
MUS_0854,2022-09-02,20,Kadın,Ankara,Lisans,Premium,26457.250425821392,4845.627992066955,2,8.0,10.730099760765272,1
MUS_0855,2023-12-08,70,Erkek,Istanbul,Lisans,Premium,50638.35185357024,23026.07721790582,3,,9.743454110870037,26
MUS_0856,2022-09-18,40,Kadın,Bursa,Yukseklisans,Standart,24773.111327880728,6465.529632696187,6,5.0,4.054217063314325,17
MUS_0857,2022-04-13,54,Kadın,Ankara,Lisans,Elit,45525.45408893264,7337.4451827864,6,8.0,39.77726382093445,41
MUS_0858,2022-10-18,70,Erkek,Istanbul,Doktora,Standart,31536.665107568166,12698.587545804516,6,10.0,16.225239031000477,8
MUS_0859,2022-12-28,54,Kadın,Izmir,Yukseklisans,Standart,,6105.590448552275,3,8.0,42.848441766448325,40
MUS_0860,2023-04-05,27,Erkek,Ankara,Lisans,Premium,57842.53264412754,20320.135466384294,7,7.0,30.41576830116073,13
MUS_0861,2023-01-04,27,Erkek,Istanbul,Yukseklisans,Standart,35859.23410703207,15910.18067296393,7,10.0,33.681667741923036,2
MUS_0862,2023-01-27,36,Kadın,Adana,Lisans,Standart,68733.2705101303,26986.057215681325,3,5.0,14.583687480509832,91
MUS_0863,2022-01-18,34,Erkek,Adana,Ortaokul,Standart,15793.3692097709,7192.818265091158,4,3.0,22.864713969784177,17
MUS_0864,2022-07-05,38,Kadın,Ankara,Lisans,Standart,31389.83346723964,8740.174119792957,2,2.0,,23
MUS_0865,2022-08-15,31,Kadın,Istanbul,Ortaokul,Premium,32591.206428796384,13112.037774124121,7,8.0,,26
MUS_0866,2023-12-22,26,Kadın,Bursa,Lisans,Standart,41568.716062722,20794.10072225596,7,9.0,41.625608426339625,10
MUS_0867,2022-08-04,63,Erkek,Ankara,Lisans,Standart,18721.096984639444,7025.020779603742,7,8.0,31.104225290331055,33
MUS_0868,2023-10-17,18,Kadın,Istanbul,Ortaokul,Standart,47668.15902911206,7090.056976977079,5,9.0,1.871598872653507,49
MUS_0869,2022-08-11,68,Kadın,Ankara,Lise,Premium,94450.50343975746,29233.52214185016,6,8.0,40.99585096893442,11
MUS_0870,2022-03-12,62,Kadın,Ankara,Yukseklisans,Standart,46040.129390857255,15212.040856759708,5,6.0,5.301887801429572,25
MUS_0871,2022-06-30,30,Erkek,Izmir,Lisans,Premium,38041.62374361633,6275.859312775336,3,5.0,20.184821676627962,33
MUS_0872,2022-07-19,21,Erkek,Ankara,Lise,Standart,18238.158452317446,9063.075395458302,3,9.0,28.562845081518894,5
MUS_0873,2023-12-16,18,Kadın,Izmir,Lisans,Standart,24658.499891596595,4155.975247753703,8,,0.3825622830608999,9
MUS_0874,2023-05-08,66,Erkek,Antalya,Lisans,Standart,35315.51093213155,5865.747887619579,6,7.0,32.6454052721468,2
MUS_0875,2023-11-12,57,Kadın,Ankara,Lisans,Standart,27864.583827488805,13041.269838354738,10,6.0,32.98514697801285,22
MUS_0876,2023-09-02,49,Kadın,Izmir,Doktora,Standart,60665.36451581814,17227.574444017024,7,5.0,32.62631585663234,38
MUS_0877,2023-02-27,51,Erkek,Antalya,Lisans,Standart,47422.47732652291,5973.074055412584,10,8.0,8.173396905313856,22
MUS_0878,2023-05-09,45,Kadın,Ankara,Lise,Elit,139551.54271410307,47263.708316726676,5,5.0,12.78661633867747,4
MUS_0879,2023-04-02,48,Kadın,Ankara,Yukseklisans,Standart,22238.288329206545,7511.761814910666,6,9.0,12.368790976637012,18
MUS_0880,2023-05-02,25,Kadın,Izmir,Yukseklisans,Premium,36921.79498619267,4866.852490862406,5,6.0,48.00334915898185,43
MUS_0881,2022-07-13,56,Kadın,Izmir,Ortaokul,Standart,18183.208071322522,8398.04742796674,4,8.0,3.376409361293864,8
MUS_0882,2022-10-25,43,Kadın,Bursa,Lise,Standart,11953.502524566617,3907.5258287791503,5,8.0,21.4380753851752,42
MUS_0883,2023-03-09,51,Erkek,Ankara,Lise,Standart,52122.942699453306,17072.664565828603,6,8.0,43.5626952910097,36
MUS_0884,2022-01-27,20,Erkek,Adana,Lisans,Elit,46551.18279366414,14215.514544852225,3,9.0,38.4732997223858,1
MUS_0885,2022-12-19,67,Kadın,Istanbul,Lisans,Standart,23687.54786898777,8343.003163949019,5,5.0,41.122106232446335,6
MUS_0886,2023-09-20,29,Erkek,Istanbul,Lisans,Standart,38044.614270780155,7634.729492165878,3,,48.61467920611665,18
MUS_0887,2022-12-26,18,Erkek,Izmir,Yukseklisans,Standart,26512.3568770108,5565.417029505405,2,3.0,19.363090613659445,30
MUS_0888,2023-02-08,61,Erkek,Istanbul,Lisans,Standart,28364.574608113733,8482.990357120116,6,9.0,15.482763719023056,50
MUS_0889,2022-05-28,22,Kadın,Istanbul,Ortaokul,Standart,30941.626542767506,13268.490069168414,5,10.0,1.5329745075098655,24
MUS_0890,2023-08-03,47,Kadın,Istanbul,Lise,Standart,23195.589023907083,2433.224654341202,5,6.0,7.500968089493104,11
MUS_0891,2022-09-19,47,Kadın,Istanbul,Lise,Standart,25378.941773055463,8991.42776953227,7,8.0,28.100732727151208,4
MUS_0892,2023-11-30,34,Kadın,Istanbul,Lise,Standart,25739.50571637933,10819.391102771624,7,1.0,7.883029752667003,34
MUS_0893,2023-12-27,65,Kadın,Adana,Lisans,Premium,44866.17384726683,7425.710858302592,8,5.0,36.815250799045536,5
MUS_0894,2023-10-31,64,Erkek,Istanbul,Yukseklisans,Standart,9071.472805474243,1067.3994972384912,3,8.0,1.8616302457968747,28
MUS_0895,2022-03-03,40,Kadın,Bursa,Lise,Standart,32408.803221980957,7324.992138694108,9,3.0,12.974401161894095,4
MUS_0896,2022-09-01,32,Erkek,Bursa,Lisans,Standart,21081.66663119953,6947.64927342899,5,7.0,34.77265616942443,2
MUS_0897,2023-11-21,54,Kadın,Antalya,Lisans,Premium,21465.958996671023,3582.4227843470185,6,8.0,12.775141211953189,6
MUS_0898,2023-08-11,38,Kadın,Istanbul,Lise,Standart,27922.08726782168,7448.528885263878,2,8.0,36.438023211223204,8
MUS_0899,2023-10-28,31,Erkek,Antalya,Lise,Standart,36056.056991706784,11425.170122455214,8,7.0,49.793193771535094,25
MUS_0900,2023-02-22,19,Erkek,Ankara,Lisans,Standart,32623.692563717355,11253.022499064573,4,8.0,39.85419777245518,4
MUS_0901,2022-12-17,28,Erkek,Izmir,Ortaokul,Standart,21332.1316909573,4503.877880971998,3,7.0,,63
MUS_0902,2022-03-19,68,Erkek,Izmir,Yukseklisans,Standart,,13817.207034056177,7,3.0,,19
MUS_0903,2023-09-05,56,Erkek,Bursa,Ortaokul,Premium,23125.65778122858,9499.875019480418,8,8.0,2.5589867834104716,16
MUS_0904,2023-06-28,55,Kadın,Istanbul,Lise,Premium,25150.84748148127,11853.84856127234,10,4.0,36.250341222365606,13
MUS_0905,2022-02-12,51,Kadın,Bursa,Lisans,Premium,,18675.250050172588,4,2.0,1.1661165781337524,20
MUS_0906,2022-06-02,55,Kadın,Ankara,Doktora,Standart,42624.49138280311,13793.844609900683,4,7.0,8.727774767848251,1
MUS_0907,2023-02-11,67,Kadın,Bursa,Lise,Standart,26746.26641825347,6939.762386376513,3,9.0,49.379287076928726,110
MUS_0908,2023-05-15,51,Kadın,Adana,Ortaokul,Standart,8365.89821106454,2117.15991765041,6,4.0,18.044245624715348,19
MUS_0909,2022-04-11,35,Kadın,Istanbul,Ilkokul,Standart,23324.382618524905,3864.5631785237483,10,1.0,41.02496890821194,1
MUS_0910,2022-06-28,47,Erkek,Adana,Lise,Standart,39377.272672152874,5566.7139149063305,7,4.0,18.8043356417801,21
MUS_0911,2022-05-21,32,Kadın,Istanbul,Lise,Premium,51241.4486180285,19038.173371682195,3,,42.00142253989078,13
MUS_0912,2022-06-10,44,Erkek,Istanbul,Lisans,Standart,34903.82395975805,7086.818553102361,8,7.0,48.27197800633871,1
MUS_0913,2023-11-04,68,Kadın,Istanbul,Lise,Standart,28581.272552210754,5872.509528612818,4,5.0,21.776812170958326,61
MUS_0914,2023-06-07,51,Kadın,Istanbul,Ilkokul,Standart,114302.70357750444,57120.32363324803,6,8.0,27.967459592413967,1
MUS_0915,2023-06-23,69,Kadın,Izmir,Yukseklisans,Standart,30144.47512959092,5519.265597185905,7,8.0,31.431974498178388,20
MUS_0916,2023-08-03,55,Erkek,Istanbul,Lise,Standart,49321.547987596416,7986.1873794789,1,8.0,46.74174010876177,78
MUS_0917,2022-09-18,50,Kadın,Istanbul,Lise,Premium,18628.98448199066,2377.5787851935947,4,7.0,12.837204371727895,6
MUS_0918,2023-07-15,41,Kadın,Adana,Lise,Standart,21055.478686644627,6890.11583356115,9,6.0,30.562468641686337,7
MUS_0919,2023-12-16,32,Erkek,Bursa,Doktora,Premium,50194.60379262607,17349.44394802666,5,6.0,16.236011411157126,1
MUS_0920,2023-05-25,47,Erkek,Bursa,Lise,Premium,61223.14834352839,15295.412106848607,2,7.0,10.846659009120973,1
MUS_0921,2022-11-01,59,Kadın,Antalya,Yukseklisans,Premium,29885.884419165646,8990.73141349256,8,3.0,4.246016951160708,1
MUS_0922,2023-06-07,68,Erkek,Izmir,Lisans,Standart,14410.064343548447,5728.695155966225,4,8.0,31.035543186797444,41
MUS_0923,2023-10-20,34,Kadın,Istanbul,Ortaokul,Standart,33396.999189386945,14166.229124247866,9,6.0,44.10427394357842,43
MUS_0924,2022-04-04,22,Erkek,Ankara,Doktora,Standart,39922.80327940002,19402.077951663992,4,5.0,17.56964444222563,31
MUS_0925,2022-07-13,46,Erkek,Izmir,Lise,Premium,38154.882854435455,16291.096980121909,4,5.0,27.633426809648864,10
MUS_0926,2023-11-03,21,Kadın,Istanbul,Ortaokul,Standart,27400.188379574978,8857.677663473507,5,5.0,32.106689764705784,41
MUS_0927,2023-11-22,27,Erkek,Izmir,Yukseklisans,Premium,33642.92096295456,5712.86056247821,5,9.0,20.732508889760197,18
MUS_0928,2022-12-20,34,Kadın,Istanbul,Lisans,Standart,24962.04069756745,3526.881389233382,3,4.0,45.167392518302904,8
MUS_0929,2022-10-01,27,Erkek,Istanbul,Lisans,Standart,20828.57015032596,2292.9165971926664,8,9.0,18.13775806005883,13
MUS_0930,2022-07-26,34,Erkek,Ankara,Lise,Standart,52988.715794252654,19236.77531781708,5,,6.250541004492183,1
MUS_0931,2022-12-31,37,Kadın,Izmir,Lisans,Standart,38135.43405896875,16468.026392838736,4,9.0,7.201017902584978,69
MUS_0932,2023-11-14,41,Erkek,Izmir,Lisans,Standart,33679.95797858724,10301.457250666735,5,7.0,44.542880725385636,23
MUS_0933,2022-04-20,22,Kadın,Izmir,Lise,Premium,28181.644158246196,3587.095012424673,4,9.0,49.400402142397986,31
MUS_0934,2022-11-03,51,Kadın,Istanbul,Lise,Premium,33186.99036830525,10438.567463711015,6,5.0,14.446892528585847,27
MUS_0935,2023-10-28,23,Kadın,Istanbul,Ilkokul,Premium,39346.339067869965,18633.900947720005,3,7.0,7.180136282735572,26
MUS_0936,2022-09-12,70,Erkek,Antalya,Lise,Premium,86192.70186317919,29314.654613754872,5,,24.11061408781047,1
MUS_0937,2023-07-15,19,Erkek,Izmir,Yukseklisans,Premium,50375.913088628804,21493.37356973805,8,,35.4764031788299,17
MUS_0938,2022-10-12,30,Kadın,Istanbul,Lise,Standart,26025.84701152116,11101.660001253333,7,7.0,30.6201454051486,41
MUS_0939,2023-08-11,60,Kadın,Antalya,Doktora,Premium,26163.43563725296,12346.11153485009,4,7.0,47.55540910413063,1
MUS_0940,2023-12-18,60,Kadın,Istanbul,Lise,Standart,24201.24724430855,10067.398752554991,7,6.0,40.888894198581404,75
MUS_0941,2022-10-11,65,Erkek,Ankara,Lisans,Standart,,12616.970230479446,5,3.0,43.448608253200106,13
MUS_0942,2023-09-09,28,Erkek,Istanbul,Lise,Premium,24191.927324929162,4863.0079974547325,4,8.0,27.08335794245351,8
MUS_0943,2023-12-23,68,Kadın,Izmir,Lise,Standart,46046.722775483184,5623.033891938601,3,,16.363759666572502,18
MUS_0944,2023-12-20,64,Kadın,Izmir,Lise,Standart,9684.111889999029,3084.084131774129,6,4.0,35.086800523028955,38
MUS_0945,2022-11-13,40,Kadın,Istanbul,Lise,Standart,47457.22958663866,6977.978523508974,2,,21.952651997569756,15
MUS_0946,2022-12-21,33,Kadın,Antalya,Lisans,Standart,41676.33513351033,19942.61372887276,5,10.0,14.387712028116228,24
MUS_0947,2022-08-10,48,Kadın,Ankara,Doktora,Elit,68279.93613538634,14814.352130462063,5,9.0,7.613534283614875,16
MUS_0948,2022-08-18,28,Erkek,Istanbul,Lisans,Standart,56296.90151056596,24536.630371165833,4,9.0,26.39371039447812,23
MUS_0949,2022-12-26,33,Erkek,Istanbul,Lise,Standart,,6500.491047975994,8,3.0,29.712678359995937,3
MUS_0950,2022-05-27,25,Erkek,Istanbul,Ilkokul,Standart,53217.84441745284,12039.179025734571,2,10.0,,1
MUS_0951,2023-06-04,21,Erkek,Istanbul,Ortaokul,Standart,33388.481739636525,15793.251633289507,6,6.0,5.827418171677701,3
MUS_0952,2023-01-27,57,Kadın,Izmir,Lisans,Elit,13805.835185155207,3546.4139621426075,4,4.0,28.499365976937156,8
MUS_0953,2023-10-18,21,Erkek,Antalya,Lisans,Standart,39317.14529875662,9971.74803808732,6,9.0,8.42070534025705,7
MUS_0954,2023-08-15,42,Kadın,Ankara,Yukseklisans,Standart,26578.90911133889,3848.7279277330954,2,5.0,33.18570827257345,22
MUS_0955,2022-08-24,20,Erkek,Istanbul,Ilkokul,Premium,36319.52513665672,13519.943526317398,5,7.0,21.46919983327667,14
MUS_0956,2023-01-05,49,Erkek,Istanbul,Lisans,Elit,82927.74082620113,17752.443114134527,3,4.0,42.43942938695777,1
MUS_0957,2023-07-02,20,Erkek,Istanbul,Lisans,Premium,40635.3416677809,13463.473637928224,7,7.0,38.913287239688934,1
MUS_0958,2022-05-22,44,Erkek,Ankara,Lisans,Premium,21836.37801725924,7622.695322508484,3,7.0,36.219102575831684,2
MUS_0959,2022-01-24,46,Kadın,Bursa,Lisans,Standart,58818.25252493906,22786.77524910278,4,7.0,35.03685496671511,10
MUS_0960,2023-09-15,49,Erkek,Istanbul,Lisans,Standart,,95577.45241525865,4,3.0,,1
MUS_0961,2022-04-11,67,Kadın,Izmir,Lisans,Standart,20587.082304411746,6395.45029240481,6,7.0,3.055678806417217,16
MUS_0962,2023-10-12,68,Erkek,Antalya,Ortaokul,Premium,16266.793760086393,3540.7529539585958,6,7.0,32.77448117665005,10
MUS_0963,2023-10-29,36,Erkek,Ankara,Lisans,Standart,,9538.087547656916,8,5.0,23.346108878185763,19
MUS_0964,2022-12-03,38,Erkek,Bursa,Ortaokul,Standart,55168.69215930983,12429.891737823515,5,9.0,23.47773569967665,30
MUS_0965,2023-08-12,22,Kadın,Izmir,Lisans,Standart,31232.013865938483,9049.950839471538,2,6.0,18.951109773313483,6
MUS_0966,2022-09-23,35,Kadın,Izmir,Lise,Standart,37819.16484019334,9809.671995305724,9,,46.45354574208553,4
MUS_0967,2023-09-19,45,Erkek,Ankara,Lisans,Standart,18596.62077834088,8047.232695209164,4,4.0,12.472563347621618,7
MUS_0968,2023-08-26,59,Erkek,Ankara,Yukseklisans,Elit,55916.203865505384,15474.21947128179,7,,15.829722670488982,1
MUS_0969,2022-02-27,39,Kadın,Istanbul,Yukseklisans,Standart,13258.686053222213,3442.7588680331955,3,4.0,48.152039136781134,3
MUS_0970,2023-03-02,38,Erkek,Istanbul,Yukseklisans,Premium,26168.48863303009,10075.755509335811,8,6.0,40.5076867638349,33
MUS_0971,2023-04-13,23,Erkek,Istanbul,Lisans,Premium,44767.241282470066,15256.749810994841,2,4.0,0.7043206081434994,6
MUS_0972,2022-01-01,18,Kadın,Izmir,Lisans,Standart,20716.469221399362,2937.579373670227,2,,45.305379993093695,120
MUS_0973,2023-12-17,22,Kadın,Istanbul,Lisans,Standart,49368.34161413207,14910.828749291093,5,6.0,11.332364941653516,4
MUS_0974,2022-10-24,58,Erkek,Antalya,Yukseklisans,Standart,23515.216723352547,9168.881271223583,2,5.0,35.29662695830317,37
MUS_0975,2023-01-13,29,Kadın,Izmir,Lise,Standart,19672.25809234918,10310.697403425202,9,8.0,,29
MUS_0976,2022-05-23,43,Kadın,Ankara,Doktora,Premium,69095.23382372467,24459.376326585232,7,10.0,26.8405941801392,9
MUS_0977,2023-03-22,63,Erkek,Istanbul,Yukseklisans,Standart,39220.90194483413,9518.143705194805,5,,35.89606616963596,9
MUS_0978,2023-08-15,51,Kadın,Antalya,Lisans,Standart,47075.97377995862,9493.981864860387,3,8.0,10.359073594721984,19
MUS_0979,2023-03-04,66,Kadın,Bursa,Lise,Standart,60421.772587823485,27056.361238097354,4,8.0,7.951256538321328,45
MUS_0980,2023-07-30,31,Erkek,Izmir,Ortaokul,Elit,9802.08625582349,4238.214413669604,6,7.0,32.595630336647595,11
MUS_0981,2023-06-18,43,Erkek,Istanbul,Yukseklisans,Premium,49880.794105457506,9843.301308865859,5,9.0,14.528961445233113,1
MUS_0982,2022-06-23,62,Erkek,Ankara,Lise,Premium,24822.043986195695,4166.65303986932,2,,48.69751038288804,11
MUS_0983,2022-11-15,44,Kadın,Istanbul,Yukseklisans,Premium,26512.288053031716,10069.728334627169,5,6.0,,5
MUS_0984,2022-04-19,26,Erkek,Istanbul,Lisans,Standart,45194.041812897216,10542.619808369704,6,,,67
MUS_0985,2022-01-31,43,Kadın,Bursa,Lise,Premium,30287.174355714444,6695.7332342521695,5,8.0,34.29075830860223,28
MUS_0986,2022-02-16,64,Kadın,Izmir,Yukseklisans,Standart,48886.69427534999,8066.390150692766,6,6.0,15.307964623306564,1
MUS_0987,2023-11-20,39,Erkek,Izmir,Lisans,Premium,35581.4073955221,7224.4952551189945,6,6.0,7.42937138107011,8
MUS_0988,2023-12-20,64,Kadın,Antalya,Lisans,Premium,39501.918026452084,10686.127279833274,2,10.0,21.14116814449605,1
MUS_0989,2022-03-11,47,Erkek,Izmir,Lisans,Standart,28421.1596261963,11530.41348136117,4,8.0,,42
MUS_0990,2022-09-02,60,Kadın,Ankara,Lise,Premium,21322.824599742646,5088.200311897099,6,4.0,20.571528819356498,56
MUS_0991,2022-03-25,65,Kadın,Istanbul,Lisans,Elit,25080.38171747997,5735.677525631729,2,,17.366688286553174,2
MUS_0992,2023-09-01,34,Erkek,Adana,Lise,Standart,34495.63022181182,7244.195212157616,4,9.0,22.225448103465204,13
MUS_0993,2022-12-29,43,Erkek,Istanbul,Yukseklisans,Premium,91000.40139171887,26391.267349732574,3,3.0,0.6057852799824182,64
MUS_0994,2023-03-30,53,Erkek,Adana,Yukseklisans,Standart,75807.5521730116,13306.517584867299,3,8.0,6.655076929930703,3
MUS_0995,2023-01-30,18,Erkek,Bursa,Lise,Standart,26195.738165277435,7861.255699742346,3,5.0,42.483730906730386,8
MUS_0996,2023-06-03,25,Erkek,Istanbul,Lisans,Standart,37426.296026927135,14054.767404705406,4,2.0,48.90172060472568,8
MUS_0997,2022-08-21,66,Erkek,Izmir,Lisans,Standart,31449.504694654694,3537.144819411643,6,3.0,7.897074280184069,1
MUS_0998,2022-04-11,52,Kadın,Antalya,Lise,Elit,38759.583077581716,4014.212894760348,3,6.0,26.775890919345418,1
MUS_0999,2022-01-13,69,Erkek,Izmir,Doktora,Premium,41334.648492152046,5438.755037106527,7,3.0,48.316671690282185,73
MUS_1000,2022-11-22,32,Erkek,Antalya,Ilkokul,Premium,47275.9745534951,14736.423810553972,3,7.0,7.8290688089481915,20
